text,irony
呜呜妈妈果然是世界上最爱你的人🥺🥺,0
真的可以拿上国际舞台吗🤔️,0
中考爆出的蘑菇云令人焦虑，倒金字塔形卷到不行❌一直压热搜，想问2020年城六区初中入学人数8.58万，再加上你们说的3608回流生，请问10.3万的考生是如何来的？考生难道自己会分裂？把教育做成产业链太可怕😱,1
我长*，我有理🐰🐰🐰,1
一吃上瘾了，😂😂😂😂,1
怎么可能是土鳖最大的出口目的地🍉🍉🍉,0
愿逝者安息🙏,0
你自己不想拔牙就觉得人家忽悠你😄,0
可能吗🍉,1
可以不和解，原告自己放弃罢了，都是成年人，网上不会还有人相信国内警察叔叔在刑事案上和稀泥吧😏,1
呵呵🧏,1
心理素质是真好😂,1
铁路员工好样的👍👍,0
不明白就算可以持有枪支，放家里不收好开着保险还能让孩子拿到😓,1
猥琐男的福报😵真的一点法律意识都没有吗,0
我们NGO可不答应😏,0
水质改善😛,1
没拍就不能维权了吗😏,1
堕胎是自愿的，不存在强制堕胎😂,1
啊对对对😂,1
感觉，这两样夏天少不了的🐱简直太爽了,0
为啥让俺们买啊😱,0
你这病症双份都未必够吧😏,0
老师里哪个性别的多我就不说了😄,0
那人呢？😱,0
妈的没混过去，还是被发现了😏,0
不上新闻就不修理？不然为啥这点破事还要上个新闻😂,1
呵呵😊😊😊,0
不服你生女儿啊或者让男孩入赘😏,1
这真是，😓,1
不足一千按一千算😊,0
拿起键盘比谁都牛逼😏,0
建议步行过去😒,0
这么喜欢倒打一耙你是属🐷八戒的？,0
真有脑子👍🤔,0
你应该感谢你妈给了你不该得一生🥰,0
不管是企业还是校园都是趋同的😞这也是本科的时候毅然决然离开东三省区域读书的原因😖,0
最后倒霉的都是你们年轻人😓😂,0
山东白莲花👍看清楚了又怎么样？就是看清楚才解气啊花花😊😊😊,1
该读书的时候还是得好好读书，读完书出来有的是时间打工😵😵😵😵😵,0
草都热死了😢,0
10你还是报低了😏看看xxf的物价,1
恶性循环😞全球变暖引来山火,0
在成都看到不少😌,0
睡了就不要人家，不是不良艺人是什么？不良艺人应该封杀😏,0
对了，那几个穿女装闯浴室偷拍的你要不要一起洗一洗😂,0
还没我鲨bee可爱😢😢,0
青海的锅庄舞,0
空气炸锅跟蒸锅的区别😢,0
造这种谣的是怎么想的，信的也是脑子不好😓,0
肯定不意外嘛🍉,0
肯定会把自己知道的东西事无巨细全部透露出去😆,0
照相机🍉,0
都传到网上了，说明已经拍了一阵子了，😓,0
我全中，关键是，45，岁了，有时候拿水杯也还在用脚开门😌,0
少打了个“又”字，我是想说不会又有三阳的了吧？😌,0
搁这狂飙呢😏,0
挺好哒😏,0
霍🙀,1
花火支持吧！再放两个大烟花👍,1
哈哈哈，好可爱❤,0
换个思路想想，有没有可能就是为了保护恶童才设立的😏,1
又出来乱说，到时候漂亮国公布财产又被吓来缩回去😌,0
别在这什么解决办法没有只会叫唤😌,0
搞不懂他😵格斗冠军不一定适合当教练,0
我要捐款🙏🙏🙏,0
马来西亚的国土都是租的他们的😏,0
已3年多没进朋友圈了，觉得微信最无聊的地方就是朋友圈，😠😠,0
导游靠这个吃饭啊😏,1
这是大学生的期末考试吧😂,0
保佑🙏🏻,0
大部分都是自愿😓,0
应聘的什么岗位啊🤔️,0
为啥要防拉黑啊？讨厌的人就不能拉黑了？？🤔️,0
张医生表示你说的很对😏,1
就这？就这？呵呵🧏,1
飞云生日快乐，大连把熊猫养得真好❤,0
美团那些经理审核的时候线下只要有地方，有营业执照就会给上，根本没有很严格🤗,0
关你屁事😊sb,1
不需要道歉，判刑就行了，🤮,1
这婚礼致辞看得我鼻头一酸🥺🥺,0
想要暴富，还不想担风险，😏哪来这么多好事？，最后怨天怨地怨天下，唯独不怨自己选的路,0
这应该是被渗透了，😌,0
真的是😖我家小区前阵子有人大太阳底下遛狗,0
亚运版本是不是把小胖和暖阳熟悉的英雄加强了😏,0
感觉电动车还是很重的😌😌😌我抬不起来,0
现在有些规矩是牲畜定的吗？现在牲畜开始给人定规矩了吗🤔️🤔️🤔️,1
小儿科，差不多得了，还有一亿件更脏的事你不拍😌,0
支持女孩拿起法律武器维护自身合法权益，在地铁上说打就打，这种行为就应该让她长点记性，必须让她付出代价😠😠😠😠，​,0
警察叔叔快点给个回执！我想知道他是不是真的报警了！🐱🐱🐱,1
回复，还有你全➕都得④，留一个小孩弄残废留着😁😁😁,0
他觉得我在打拳呢🙄没救了,0
中国人不坑中国人😏,1
如意，丁丁，生日快乐🎂期待你们的好消息🐼❤🐼龙凤胎真的可以有😂😂😂,0
哈哈哈哈哈哈感觉这评论要火😌,0
又走向另一个极端！😂,0
没做过鉴定吧，检测机构一般不会出具决对性意见的报告😏,1
这次的台风太可怕了😓,0
见义勇为👍🏻👍🏻（地铁上怎么带得上去刀的啊😵,0
有点可怕哦😋,0
国道或者乡道不是经常有羊群吗？？😁怎么开车又有什么优越感吗,1
评论里喷的有多少人是真的在大夏天长时间从事户外工作的🤔️各种想当然以为夏天就要穿短袖,0
底层互害的典型案例😒,0
预警频发啊😒,0
20块钱买一盒天润可以吃到吐🍉,0
深圳，2019年末入股投资了3个充电场站，到如今未分到1分钱，2个亏一个持平，房子都抵押了😢😢😢😢😢,0
哪有珠宝店下班不放保险柜的🍉,1
啊对对对😓,1
请北京室内禁烟向香港看齐🙇🙇,0
因为本地没有更好的学校了啊😌而且转校是要以当年投档线为基准的,0
开庭了是吧，好庭长😠,0
本来就是网红段子，你确想起来隐私😌,0
请市民远离河道，确保自身安全，🙏🙏🙏,0
谁还不是个博士啊😂就是因为知道博士含水量大，所以才鄙视你们这些连论文都水不出来的阿猫阿狗😌,1
扶起车子赶紧走啊，为什么要愣在原地挨淋！😌,0
你急了😓,1
生日快乐❤❤,0
跟谁姓感觉无所谓😂,0
上班吃冷饮，扣100😏,1
北京室内禁烟力度不行，前阵子还有新闻，航站楼烟雾缭绕，以前写字楼不禁烟，我那会被熏得都无法工作了😛😛着火的味道一样,0
很中肯的建议😏,0
还是个人吗😠,0
尿丫一脸👎,0
大概陈情令吧，看过七八遍了，都快会背了，😁😁😁陪着我吃饭挺好的,0
萌妹飞云生日快乐😜😜,0
这也标志着又到了蘑菇上市的季节~🐶👏😂,0
谢谢😂,0
前几天还否认说要报警😏,1
跑步😜,0
回复，别害怕啊，主页删什么，已经私信发给网警了😏,0
美帝认为核废水漂不到它们那里😌,0
真的好心酸呀，妈妈对女儿的爱没有假😢,0
黄鹅这个气啊，居然不邀请鹅爹？反了天了😂,1
就™️立地成佛了😵😵😵,0
肯定心里不舒服😂关键解决报酬问题,0
哈哈哈😄,0
又可以偷窥祖国大好河山了😎,1
无论怎样，桂味还是最好吃😍,0
我家蛋蛋正闲的蛋疼呢😌太平洋扔俩玩玩,1
白人不急🤔,0
没钱怎么消费🤔,1
那可不，男生犯的错想和解国家都不允许啊😂,0
可以啦可以啦，知道你不想被你妈生出来了，别嚷嚷那么大声😏,0
马上就成哈士奇了😛,0
内娱的明星槛儿真是低😓,1
怎么畜生还能上网啊😍,1
这回没人关心偷拍了嘛🤔️,0
争取进入季后赛😂,0
大妈应该检查下那个女的手机看看是不是有自己儿子的照片，没有大概率是被女的删除了，大妈作为一个几十岁的人了应该不会平白无故诬人清白呢😏，我支持大妈😄😄,0
学那个公交车大爷，一屁股坐在大妈身上😂,0
环球时报民意调查😂,0
阳间新闻👏,1
自然有另一批人赚了😂,0
我感觉是女的乱穿马路，电瓶车路过骂了她，然后这女的不服气回骂电瓶车，电瓶车气不过，掉头给了她个大比兜😛😏,0
大多情况都是踩空了或者跌倒滑倒了在抖一下😌😌,0
6😂,1
或许这些信息卖到诈骗团伙手里了？🤔,0
狗：我是狗，不是傻😛,0
本高中生在学校里吃到一次大青虫一次绿色甲壳虫😢吓惨了,0
感觉有不可告人的原因导致离家出走，望详查，不然找回来还是会再走😏,0
庆幸的是刚走进家门就下起了暴雨✌,0
净出些没什么用的🤗,0
望周知：韩国总统也失踪了😏,1
自然面前的人类是多么渺小🫢🫢🫢,0
自尊，自爱是女生最起码的标准，别一味的怪男人😏😏😏😌,0
川渝是一家？😛,0
我会给他按急停😏,1
有什么了不起的，🤮,1
是我武举老爷冤😄,1
给你附上后续😊“，已经有后续了，女娃儿确实拍的是车厢号，图片也有，聊天记录也有，只拍到这个男娃儿抓扶手的那只手，手机也拿给他们看了，但是对方依然不依不饶打人，现在女娃娃家里人联系目击证人，准备告他们,0
我们无锡人看不上新兴甜品🙋,0
我只是单纯厌蠢😏,0
虫子咬断电路影响行车安全，行车不安全会导致人命伤亡，这哪能罚款了事，应该追究刑事责任才行啊！😌😌,1
还有其他国家几百架的订单😌,0
早上好🍃,0
犯罪前，先给自己弄个精神病护身符😏,1
很河南👍,1
不说别的，请北京室内禁烟向香港看齐🙇🙇,0
写诗怎么你们啦？😊老人家一点爱好也要说,1
有比穷更可怕的吗😌,1
你不买，我不买，总会有人买，而且不差钱，你没法说，除非买票再加一个人脸核验；之前抢张杰的门票，卡着点，还是一个样子，反正买不到🤗,1
一摸一样😌😌😌,0
闭经期的死亡本能驱动，😊,0
我说的是工作人员有多次劝说，说什么半小时工作人员没看到，不符合事实！我问你劝说也是制止的手段吗？😌,0
黑龙江内蒙东部暴雨，为啥不关心？关心韩国棒子挺来劲，那边水都把庄稼淹了，大坝都开了，心疼起棒子来了😌无语,0
哇呜~生日快乐🐼🎂🎂🎂,0
还是小婴儿😓,0
我开心就好了🤗,0
一边散步一边看手机😌确实很气人,0
大连把熊猫养得真好❤,0
吹到北京去了😏,0
我妈妈我奶奶不会为了拍视频而阻拦别人🐰可以骂了吗？,1
早安🥰,0
出了事的大多是辅警😊,0
临时做给谁看呢😓,1
35岁是原罪😞,0
你不上当谁上当🤭,1
谁以后再拿人民战士开玩笑，不会有什么好下场，战士辛苦👍👍👍,0
生吃见手青😏不过劝你还是不要试，万一，呢,0
飞云🥰🥰,0
张薇感觉热度过去了，结果又出来被鞭尸😂,0
该不会有仙女说在男厕所被骚扰偷拍吧😌,1
找不到工作的一种说辞，😌,0
所以不用臆想什么顶替😌,0
报擎😠😠,0
捐款捐物动辄发生这样那样的问题，不是善心被糟蹋就是有些人中饱私囊🧎🧎,0
鲁菜😏,0
理解一下🙇🙇,0
我们家赶猫不是这样的😒就是拿根棍子挥两下,0
是嘛，这不还是忽悠北方人的😛,0
真的是这样😌😌😌,0
前几天刚开的会员，亲测表示，非会员时下载速度3-5mb/s，开完会员30-50mb/s，👋,1
你的也就肉丁这么小个吗，小小的也很可爱👌,1
最后鞠个躬拉个临时工背锅😂,1
高层得房率70%，小高层板楼80%，多层85%，不能再多了~👏😁[单身青蛙],0
开盖了，😂😂😂😂😂,0
不然我可能会叫起来😌,0
晚安❤,0
你就是领导？😏,1
仙女们闹到最后，将是整个社会氛围取消对所有女性的优待，一切回到绝对的男女平等，到那时，仙女再闹腾，首先就二拳打断你翅膀，🤗🤗,0
哈哈，精美精到骨子里，笑死，疫情过后还有人能精起来美我是没想到的，是家里没人趋势还是，死的是低等黄人不是自己高贵的白人野跌呀😁😁,1
但不管有没有偷拍打破人家头这妈妈都得拘个几天吧🐱,0
台风真厉害，穿越闽赣苏鲁豫，直逼帝都😌,0
不要吵了，35岁是原罪😞,0
什么大人物走这两步路会死？还要违规都要让自己的车开上火车站台🤗,1
地表温度最高70，这车子也扛不住啊，活着不好吗🤗非得作死,0
还瞎想什么呢🤩,1
你是看不懂反讽的👍🏻,0
一装一拆，GDP就上来了，有人又挣钱了😏😏😏,1
能判到虐待罪并且赔偿已经很不容易了😛,1
据说绝大部分男的都会😌,0
哪怕不是强制参与也不行😂,0
鸭肉不值钱，冷冻白条鸭批发9～13块一只，对，一整只没内脏的😏,1
今日又菜鹅了！😂😂😂,1
你中国一点错没有嘛🥺🥺,1
你问问农村的会不会这样😂,0
太热了😂,0
不是傻😛,0
雪上加霜，唉😏,0
是什么新型病毒？这么骚气🙇还喜欢丝袜,0
这美院客座教授😱桁架，这不是网架吗,0
这女的是谁呀？有没有课代表科普一下😌,0
管的真多😂😂😂,0
川大又雄起了😖,1
自制枪支不说？😆搞倒卖不说？杀一级保护动物不说？你掏一个判十年我看看,1
现在的生活水平🍉当然只讲个生存4000就够,0
狗罕见🤭🤭,1
新闻里都上学了😆😆,0
必须是小马🐴🐱,0
天啊，它看起来真的不像鸭眼啊，我真的要吐了🤮,1
感觉有灾难或者小事故，就是考验人性的时候😏😏,0
好恐怖好危险😷,0
延长有啥用，工资又不给你发跟不上班有啥区别😌,0
我怀疑是感染了丝袜病毒，按说这是体制内的病，怎么老仙女也得了，需要砖家解读下，😏,1
面😌😌,0
我不可能付这种款😂😂我妹有这么多钱啊,0
投诉，我琢磨也不是普通老百姓，现实中，谁闲着没事会盯着马路上是有一个还是两个塑料袋纸片废物，而去投诉呢，况且，目前俺真不知道在哪有这类投诉渠道😏,0
小李飞刀😛,1
9个月的宝宝是怎么下得去手的😢😢😢,0
这哥们的意识形态，仍然处在网络不发达的年代😌，知识的获取，早就不是某大学某专业的狭隘途径了，前提基础知识差不多，网购书籍查阅资料都能搞起来🥰,1
有啥可看的😏,0
电子竞技开始计入体育项目是我觉得最扯的事情🫢,0
就是这种校领导、工作人员，才导致现在学院霸凌肆意滋生😠😠😠,0
但是又符合美国国情😂,0
长个手会打字显摆你了😒shab,0
中华文化博大精深，尤其是汉字，😍,1
就是陕西生产了😏,0
会注意不让人拍到😏,0
干🙀,0
你肯定没看过未成年人保护法😌,1
每年都会出这档子事情😓,1
战斗力爆棚🤗,0
昨天在商场，有个孩子一直尖声尖叫，然后家长就拍一下她，然后继续叫，小孩以为家长在跟她玩😛😛😛,0
也没管的🤨,0
先别急，按套路估计后面还得涨🤗,0
读，阿姨，也行😏,0
喝到吐😏,0
坚决不能惯着女方，没有女人地球不转了吗？人家要28万你只有2万8，找个一样只有2万8的男人凑一块儿过日子不好吗？双方都赚2万8呢🤔,1
喜欢谁是我的自由,0
太兴奋啦👏👏,0
我觉得合适😊,0
双方配合耍网友，更ex了，风评已经坏了👎,0
人不结婚不会死😒,1
处处是商机😌,1
泊车公司就敢让你破产😏😏😏,0
这是有区别的😏,0
广东靓仔居然51%投了川菜😏,0
行业饱和，以前打车的都出来跑车了～～😵,1
俩人没一个！男孩母亲神经病，女孩骂她就行了，扯人家儿子“帅不帅”干嘛？一对更年期😏,0
结果我睡着了😓第二天醒来,0
而且即使是一个支行行长，年收入三四十万也只是起步，上百万也不难🤔🤔🤔🤔,1
烂了，改不了的，🤔,1
用脑子想一想，内地会施行嘛，就算官员想弄，利益牵涉多少，只能说大家平时尽量在自己圈子里做到远离抽烟的烟鬼😠,0
哈哈，果然是核废水喝多了，脑袋瓜子变的不灵光了 ，丢人,1
颇有种贼喊捉贼的意思了🍉,1
有人的朋友遍布天下😆,0
麻辣烫😂,0
吃肉🤑其实真不难，跟对的人，做对的事，做短线的，点我博👁瞧瞧[看涨]进裙盘中实战👁做长线者勿看！！！,1
金虎：不敢不敢，奶妈替我随份子了，谢谢🙇,0
不是因为楼顶置放的珍珠岩吸（雨）水变重才塌的吗😏,0
倒不如眼不见为净吧😁,0
一部分🤭🤭,0
因为本地没有更好的学校了啊😌而且转校是要以当年投档线为基准的，这种真的是因为身体原因否则不建议转校的,0
想去😌,0
你比他们懂🤔️,1
报警，这好像以前见过这类的，hiv病毒那种😠,0
毕竟抓捕枪击案、杀人案的嫌犯和抓捕诈骗案嫌犯还是有点区别的😂,0
见怪不怪了😛,1
嘿，希望再过二十年你还能说这话👍😛，反正我们男的不怕，再过十年你就能看到第一批被优化掉的女宝老师出现了,0
做清洁的时候，穿得清凉一些，如果有人拍照，马上告他侵犯隐私，✊,0
还是关注自家问题好点😂,1
只有不会喝酒的人听进去了😏,0
从宽还15年🍉🍉🍉,0
站着又不累😊,1
怕怕😁,0
你是不是偷了大爷家的苞米啊😂,0
表示已经看过了😛,0
当你发现一个蟑螂😏,1
不买东西的就是低等的就是穷鬼贱民🤗有生之年我是肯定不跟团去云南了,1
勉强也说得通🍉,0
更别提性生活了😏,0
可见你是个没人要的实锤了😍,1
也没有无缘无故的恨！😂,1
隔了这么多天终于发文了😵,0
还是高估你了，以为你在读研，真读研的还有空刷微博啊😌多去加点班，自从研究生要缴学费后就开始烂大街了，堪比98年开始的大学扩招😏,0
不服忍着🐱🐱,1
毒驾😠,0
营销号博眼球夸大瞎扯的东西，你也转发？😱,1
随便问俩同班的就知道了😏,1
版本更新，新的版本之主诞生😏,1
快看，马神又在放大饼了，教徒们还不顶礼膜拜😛😛😛,0
可怜的羊羊😖,0
物价上天😂,0
相册都是自拍照和美食风景照😌,0
❤晚安🌙,0
没嫁妆要什么彩礼？😏🥰,0
说自己是老兵，说有球迷献花，还挺会搞情怀，扇之前想啥呢😵,1
当官真好😊,1
张继科还能有粉真是开眼了🤮,1
真别侮辱抑郁症，🤮,1
看来是违规操作了😌,0
没想到这个更狠👍,0
11个孩子就这样没了😢为什么要在屋顶上放珍珠岩,0
村BA太棒了😌,0
火锅店有空调啊，难道还真以为人人都要露天吃啊🤔,0
你分不清🤔️,1
想试试手感😼,0
没听说过，因为你不是目标用户呀😏,1
我觉得是洗衣店水平差😏,0
愿平安😢,0
外长点赞👍,0
回到家就后悔了😌,0
让张继科本人辟谣的安的什么心！是神也抵不过那七嘴八舌的流言蜚语！别有用心的小人唯恐天下不乱！😠,0
完蛋了，专家出来说不是的时候通常就是了😏,1
米价没有那么贵，😌，现在领一年最低养老金能买两年的公粮，乡镇自提那部分上缴属于投资，比如水渠，道路、农机、嗮谷场，可气的是现在有些乡社有分红，有些乡社没有，距离田园观光绿道的村分的令人羡慕，我们村前几年分鱼，现在鱼都不分了,0
真叫你给懂完了🤔️,1
也没见人管啊🍉,1
秀才就是老年女孩子的tfboys🍉🍉🍉,0
他们今年也诅咒重庆了，还说多来点最好把三峡冲倒把下游都淹了，好了都下去韩国吧！😊,0
看乐了，工作人员说不清楚原因，那你怎么知道有截掉不利的视频😏,0
的确戒了啊，我喝的是乙醇又不是酒😏,1
都在电商买就好了😂大数据也杀熟,0
如何提升大家收入咋就没有措施？😂,0
T55也是吊打对面的脆皮轮式😏,0
就这还他妈的小天使😌😌😌,0
加油💪,0
未成年保护法可不可以调整一下😢,0
波公千古😢👍,0
有烈士墓在边上不是涨祖坟风水？😱,0
这就是生育的意义吧😊,0
没偶像谁爱塌不塌，吃个🍉,0
该上头监管传播的问题不要怪别人不规避😓,0
绿豆汤还有红色？😱,0
真叫你给懂完了😓,1
确实就冒犯了部分未成年群体，🍉,0
结果又出来被鞭尸😂,0
他手里好像拎着包熟菜😌,0
好可怕😛,0
这是什么部😌,0
一键删除所有聊天记录😵,0
以后有精神病的强制治疗，啥时候好了啥时候出院，费用家属承担😏别总拿有病当挡箭牌，有病不治，家属不看着，也是一种不负责,1
别介意，反正这就是♂饱日常行为，和吃饭是一样的，这是很正常的，♂不需要赔钱，不需要道歉，只需要♀饱给♂饱道歉就可以了，♂饱会原谅你的，,1
这都有的喷👋,1
我更相信中日韩会有相似性😏,1
我在的这种不大不小二线城市是最合适了🍉,0
大哥你但凡多关注个分享奇闻逸事的博主也不至于说这么小家子气的话😉，全球各地多了去了,1
还这么冲动吗🤗🤗🤗🤗,0
大概是玩了星穹铁道吧😏知道放生矿泉水只会被“星神”当**，放生其他动植物会自己被“放生”😛,1
鸭的眼球膜这么大？😌,1
真啥玩意都有😵,0
比江西收的还多😛,0
文化自信x不要穿学士袍不要戴学士帽不是更好吗😏😏😏,0
致敬👍,0
下雨了🫡,0
67岁了啊😢,0
不应该封这个评委吗😂,0
支持😖😖,1
首先排除美国😏,1
果然😌,0
直接被我怼emo了😌,0
讨厌喝酒”🐶,0
哈哈，见过面积20公摊15的小铺子没有😏,1
是的😛,0
别嚷嚷那么大声😏,0
先报警，老初升就是太多了，欠管教😂,0
我看过原视频了，那男的就是普通人，人家女孩子偷拍他干嘛嘞，反正一言不合打人就是不对，你觉得说不清就说不清喽🙄,0
niāng，阿姨的意思😏,0
既然是男生的视频是截取的，那学校有完整视频么？放出来，让大家看看，公道自在人心🤨🤨🤔,0
昨天一个人吃了一斤多😂😂😂,0
归于“家庭暴力”就可以逃脱“故意杀人”的法律责任😠😠,1
互相体谅🫂,0
谁富了？😏,1
难道这样的工作随随便便就能胜任🤨,0
等你们考虑好是不是到冬天了？！😏😏,1
刚通知让应急值守🥹🥹🥹，我也不知道我一个女的真发生洪涝灾害，是我救别人还是别人救我😌,0
老出生生的小出生还是出生率太高了😁,1
男人不能快😉,0
有没有可能是不想解决呢😂,1
别，我不沾男😁，让喜欢擦亮眼的娇妻和婚女和男人锁死，反正我们怎么劝她们不婚，她们依旧要擦亮眼去结婚的😁,0
秋林的酒心巧克力就有茅台的，😂,0
飞云🐼🎂,0
哈哈哈，我就喜欢调查，我就是🤡😏😏😏，就我一张嘴😄😄，你能怎么样😏😏😁😁,1
浪浪射箭❤❤,1
土耳其两门大炮太厉害了，瓜队加油，最大天津女排😂,0
安全第一😄😄,0
怎么做到连续哭的🤔️,0
不做房奴自由一生👊,0
砂锅土豆粉😋,0
不知道谁蠢谁坏😂😛,1
换点什么吧，美弟大兵值钱😏,1
人贩子我操你姥姥😠,0
台湾最美的风景是人😏,0
眼瞎就在看一遍😱,1
猪突失利了🍉,1
你捐肯定是全新的👍👍,1
有钱人的事咋不懂😌😌😌,0
郑州断断续续在下雨🌧️,0
是上学正常猝死😏,0
你在期待什么啊😌,1
最多罚款😛,0
太厉害了，佩服佩服👍,0
输这么多也合理😄,1
我就是来看看大家中午吃什么找找灵感😂,0
拳头👊硬说话才响,0
这又来😵,0
这次有网了？回应这么快😂,1
房贷还要继续还😂,0
滚犊子想来就来😂想走就走😌,0
节哀🕯🕯🕯,0
谢谢🙇,0
望细心严查❤,0
开发商太难了😏不行陪她几栋烂尾楼吧,0
美：哪天老子不爽还退😌,0
至少测试出来结果了，😏,0
让一部分人先富起来，然后移民🐶,1
谁先评论谁先急😉,1
能不怎么能让我的领导看到这条重要新闻😞,1
亲生儿子没跑了😂,0
这个踢足球⚽️，你能接受吗？高铁，如果不小心踢坏东西怎么办😌，确实就是现在的孩子没有我们以前懂事，条件好了呗，我以前小时候我爸妈一个眼神，我就不敢乱来了😂,1
岸田文雄说，我们也是欧洲人啦😂,0
想当零元购黄牛是吧🤗,1
其实阿里云最该吐槽的是，不充会员，你连720p都看不了，只能看标清，速度这块那还是比摆渡好太多😛,1
喝水不准，放屁了谁来收集？该管的不管不该管的屁大的事也管！！👊👊👊🤬🤬🤬,1
我们已经在发身份证了😂,0
3%😊大哥,1
愿所有人平安🙏,0
医生听到有这么个事才问了我一下😂,0
现在连荔枝都有鄙视链了吗？反正几个品种的荔枝我都爱吃，😋,0
期待警方通告😏,1
网就不用发咯🌹[咖啡]😊,0
二来咱也不咋缺米吧😛,0
我竟然还嫌它脏😏,0
法国已经是黑人的天下了😛,0
咋和咱特色修路似的呢😏,0
还是滞销吧😏,0
读完师范超过考公考事业编的年龄🙀🙀🙀,1
平时网上说当家长不需要考试，结果真培训了，哪怕不是强制参与也不行😂，学校也是自己给自己找事，你管那么多干嘛，家长老师都受罪,0
可怜无辜路人了，肇事者倒是一点皮都没擦伤😠😠😠,0
捏嘛你不提我都忘了！！没有后续了😢😢,1
你这属于旧🍉新吃,0
幸亏不是丧葬用品店😁,1
你的熊孩子如果在现实里在你老子我面前这样的放肆，我直接耳光刮过去，遇到狠人直接给你打的报废，你还别不信，有时候越是搞“弱者有理论”“他还是个孩子”这一套，那最终结果是你孩子活不到成年😊😊,1
去玩的不止上海的😏😏,0
求观音菩萨保佑、台风来日本吧🙏,1
来一次严打吧😌,0
掉头给了她个大比兜😛😏,0
我公司扣我教资证原件，但是入职的时候刚毕业，不知道这是违法的，我教资证刚考下来刚到手没几天他就扣下了，现在还不打算离职，就没法要回来，但是打算年底走了，这这工作的气我是受够了😠,0
海口骑车到三亚，厉害👍,0
哪是忠实观众，都成黄牛投资了，不去在那翻倍溢价卖，忠实观众去不了🫡,1
迈出第一步，我有生之年能看到就好了,0
所以苦的永远是百姓🍉,0
没把董小姐弄进监事已经很对的起你们了🐱🐱🐱,1
车是谁的？因何事上站台？走的哪个门？谁放行的？谁批准的？120上站台还得一通协调甚至找站长呢！诶？如果是站长的车或者更高级别，那就合理了，😛😛😛,1
穿丝袜的话我就忍了😛,0
祝愿大家一切平安安好🙏🙏🙏🙏,0
关我屁事🤔️,1
什么排水系统都不好使🤗,0
更是国家的损失🕯,0
踩着腿过去吧，不小心踩断了也不怕，就当是路，反正路就是这么踩着过的😁,1
好运碰到好人，❤,0
十点开读🤨,0
遥记当年地下室都淹了，那些租住地下室群租房的人，但愿不要再出那样的事故🙏🙏🙏,0
那最终结果是你孩子活不到成年😊😊,1
他都是男的了，你就原谅他吧😆,1
包养违法吗？用拘留吗？😏,0
楼下树倒了一大片😢,0
原子能机构盯着伊朗十几年，人家核弹都快造出来了😂,0
《我都解释了，你还要怎样》😏😏😏😏😏😏,1
看了视频，这叫“正常走在路边”😏,1
我们怎么可能有金融危机😂,1
生日快乐❤,0
对大毛首都平民下手...是真的嫌普构太软是吧😏,1
感谢你们不懈努力救人危难，🥺👍,1
东北人连年减少，年轻人都跑到南方去了，留下的不种地干嘛？🤔,0
一路走好😍,1
自己命不重要，人家的安全也不重要～我俩的拍照重要🫢🫢🫢（想说如果酿成惨剧，算谁的？？）,1
免职＝带薪休假，要给老爷升职也要免职的，望周知👋,1
不知道手机拍照可以放大吗😏,0
如果一小时从10块钱变成30块钱，我当我倒霉，不管了，要是变成这种千把块，我丝毫不慌，因为不可能😏,0
云南旅游部门就是不管😢😢😢,0
吃瓜😏,0
贵一点的会放一些奶😌,0
气氛烘托到这里，再不改改落后的法条，就说不过去了，😌,0
喝人家茅台就是你的不对了😁,0
呜呜妈妈果然是世界上最爱你的人🥺🥺，妈妈只希望孩子幸福吧,0
支持支持！必须加强人民治安管理😏什么人呐？当自己家是不是？！,1
民警这次没有和稀泥👍,0
好可爱好喜欢🐶🐶,0
所以先别下结论😂,1
为什么要有公摊😱,0
双方达成和解，予以留校观察，不好意思，好像跑错片场了，😏,1
不贪心就不会被骗😛,0
信的也是脑子不好😓,0
现在不提出异议，等落到几十k下载速度的下场就晚了😒,1
我还听过一种说法叫“睡眠惊跳”🤔,0
人命关天这就是故意杀人罪😠,0
为啥😂,0
女宝真是越被偷拍越兴奋呢，奖励你女儿被铁链拴住做马桶❤,0
爆个假🍉来反向洗白,0
好家伙，还有专门的电竞手机🤓,0
你敢信😏,0
逝者安息❤,0
我想吃芋泥香酥鸭😞😞😞,0
你那不叫外出，你那叫出国，🫢,1
关起来影响旅游业经济呀😏30w小感冒啦,1
正是因为这帮鸟国想省国防成本才加入的北约😂,0
雨水不断😌,0
你都这样了我还是顺从你吧😊,1
婆说婆有理🤗,0
生死对决，尽显英雄本色👍,0
会议是决定要增加制裁啊，还是增加军援啊，还是直接出兵啊😂好像前两个都不怎么好使啊，直接出兵吧😄,1
桂味是真的好吃，昨天一个人吃了一斤多😂😂😂,0
到达时间几乎不超过3分钟😌,0
我才知道注水肉还存在着🍉,0
借我玩玩😏,0
小新，都没有看😏😏😏,0
人才😊😊😊,1
反复横跳的美利坚🍉,1
都是真的，但是还想在娱乐圈捞钱😛,0
对，你说得对,0
她可不是随便的网红🤗,0
五元引发的血案😛,0
秘书长都说了是因为适合运输才适合北方消费者了，骗谁我就不说了👏反正我25岁了没吃过,0
好庭长😠,0
可以收藏当个纪念，雪糕没必要🤗,0
我没看错吧😱,1
我能刀了他吗，还是个人吗😠,0
多新鲜🍉,1
非必要不离京的时候领导们不是听得好好的🤗,1
以后买票要专挑919的机型来坐👏,0
哈哈哈哈哈😏就是,0
这就是真实水平！🍉,0
很香啊😎,0
刮刮乐滞销了，快来帮，算了，还是滞销吧😏,0
每次清华北大都没那么隆重过🍉🍉🍉，羡慕浙江,1
川菜说鲁菜咸😂,0
这波果断先站队小男孩🤟,0
你没事吧😱😱😱不指责网暴的人,0
是你吗🤔️🤔️🤔️,1
病毒表示这锅我不背😡,0
要么系统出错，要么是以前累计很多逃单不交，现在智慧停车全市系统共享信息，一起收😏,0
爱玩😍,0
问就是刚下飞机🐱,1
生日快乐,0
你没事吧😊,1
什么鬼🤔️🤔️🤔️,1
请关注美国监狱安全😏,1
这些年舆论对于中高考的监督已经越来越到位了，像成绩被偷的这种情况已经很少见了，倒是利用舆论对教育局反咬一口的考生和家长屡见不鲜，好在网友们已经身经百战，不会再轻易被带节奏了👋,1
搞个真材实料的假证，妥妥的，😌,0
但这点钱都出不起以后怎么养娃🤔️,0
日他嘴😌,0
已经被开除女籍了，上午看到个评论说“男宝妈”怎么怎么样😛,1
留一个小孩弄残废留着😁😁😁,0
看成未来三十余天了😢😢,0
还跳得怪好的咧😌,0
政府来养老😁,1
是不是太低了🤗,0
无法无天了这是😒,0
一切合理了起来😛,1
可想而知😊,1
取消调休😂,0
被约谈了还存在侥幸心理😊现在又想拿家庭作坊和未成年来逃避责任吗,0
别天天盯着中国的东西😍😍,0
就支支吾吾🤮,1
哈哈哈哈微博突然沉默😏，xxn从不打逆风局,1
因为我们是全世界最幸福的人民，超越了全世界😂,1
送我一盘😏,0
有本事顶着太阳走路啊！！坐什么公交车？？巨婴少出门祸害别人🤨,0
自己利益不受影响最大😍😍,1
贵也是缺点😏,0
你起床没有😌,0
阿三：这个我们在行😏,0
女诬又来了😏😏😏,1
真以为为了你家儿子吗😌😌😌😌,0
是不是交通局的车？😂😂,1
好凄凉呀😢😢😢😢😢😢😢快救救婴儿,0
没用参考女流😌本科清华硕士北大,0
旅游不是绑架😒,0
飞云，生日快乐🎂🎂🎂🥰🥰🥰,0
讽刺😛,1
首都这么容易就被偷袭了？😵,0
羡慕👍,0
不用花一分钱就重新进去了😌,0
不至啥时候会掉下来块陨石，还是别出门了😛😛😛,1
现在的歌能唱的了嘛😂,0
其实客客气气说一声就好了，强硬的来，还是声誉不好的老年人群体，就显得🤗,1
我猜测是冯德莱恩！推荐的吧😌😌😌,1
进校干什么？？？😱,1
他都不嫌我穷，我竟然还嫌它脏😏,0
你这种盲目的网民，广东人一口一个😏,1
实事求是就是有些人喜欢上纲上线啊🤔,1
打人无罪😄,1
吃个早餐就晕倒死亡😌,0
条件反射😏,0
不用坐牢🤨,0
我怀疑那小姐姐是你媳妇儿😊，戴帽子不丢人😛😛,1
我的天？真的假的？沈阳哪个区的😱😱😱,0
我那会被熏得都无法工作了😛😛着火的味道一样,0
耍流氓？😱,1
上海出品，必属精品！👍,0
不管内容是啥先点赞🐱,0
我姐要了14W彩礼，婚后全给他们当启动资金，陪了15W的车，男方首付20W，剩下我姐贷了90W🍉俩人一起还房贷,0
明明都是亲生的啊😒都是你的崽啊,0
真是把大家当傻子了😌,1
感觉挺诡异的😏,0
卧龙凤雏出事，周瑜没了，😂,0
巨婴少出门祸害别人🤨,0
仓鼠云😮,0
不认识也不知道，只知道公平很难实现🤗,1
好👍,1
不错🤤,0
怎么洗？😏,0
这么喜欢倒打一耙你是属🐷八戒的,0
都是黑作坊，我点了一个套餐，看距离是很远的，结果10分钟送过来了，还不在就近附近黑作坊送过来的🤮从此我就不点外卖了🤮🤮🤮,0
性质变了😱,0
一路走好😊😊😢😢😢,1
为啥要有男人🐱,0
发放物资时候的幺蛾子不比这边少🍉,0
像个🤡蹦蹦跳的😄,1
发这个新闻是为了让网友和罪犯共情吗？😱,1
国产大飞机量产跟上，让所有地方都有c919的身影！👏👏😄😄,0
夏天开空调盖被子，冬天开空调盖毯子，要的就是反串，😁,0
学到了❤❤,0
哈哈哈，那心挺大的😌,1
鸡棚塌了😋,1
好倒霉啊🙀,0
小仙女是这样的😁😁微博女权的榜样👍👍,0
白天《理想国》，晚上《人间词话》，十点开读🤨,0
难道这就是“三战”的导火索吗？😏,1
嘴太驴了~[许愿星][雪糕]😂,1
我也没搞懂：为什么其他交通工具（包括比它高大上的）就没有这一规定？😵天气普遍炎热的当下，不及时分次补充水分的后果可大可小，尤其是我国已步入老龄化，试问有多少老年人没有三高？地铁负得起相关的责任吗？！地铁乘坐的时间比短途高铁还要长的时候多了去了,0
你应该是德云社的粉丝😂😂,0
愿平安😊,0
为交警点赞👍👍👍,0
lxn😌,1
减肥中😮,0
双方都有过错😌,0
欠债太高了😏,0
要死了么这个人😠😠😠,1
当然不可能，不足一千按一千算😊,0
啊，这个妈妈为什么会这么想🤔️也不至于动手打人吧🫢,0
地沟油，苏丹红，三聚氰胺，总有一款适合你，🤭🤭🤭🤭,1
hiv病毒那种😠,0
料子真的很差嘛？😂还想装修买宜家的家具呢,0
珍爱生命，敬畏自然🕯🕯🕯,0
说电车成本低的站出来😏,0
都186起了，应该不意外了吧？隔一天一起，早常态化了😌,1
轻伤？可能警方所谓的轻伤都是可以搞死人那种😓,1
拳头👊硬说话才响！,0
你们这些老百姓事儿真多😏,0
美好的女孩，美好的年纪，美好的未来，却这么离开，好心痛😢,0
这你的问教育部咋回事，😆,0
加盖吧😞不然被飞机上的游客白嫖了怎么办，这不急死景区,1
你把她控制住关进去你都做不到，还想从她兜里把钱掏出来？😛,1
现在一看见渣土车头皮就发麻😱,0
糯米糍不是不好吃，但确实没有桂味的香气，桂味啊，就好比明明这荔枝就很好吃，它还偏要闻起来很香🐱吃起来特别香！,0
草，变成，清草了😏,1
天呐！第一次听说呢，想知道具体怎么操作的呀，是有什么考试吗？🥺,0
我喜欢默默删除😌,0
奢侈品军火😌,0
都尼玛成了黑人天下，白人不急🤔？,0
这就是中国😁,1
蛙蛙看到岂不是会伤心😏你直接说口头支持好了,0
说到底还是男的不看隐私权😏不闹,0
想当初郑州暴雨，南朝鲜棒子国上窜下跳😏😏，开始吧，活该！雨小了,0
支持在火车路过她的时候，车上人扔鸡蛋和菜叶子给她😌,0
我爹本来就只是生物爹啊，有什么问题？搞清楚是我爹离不开我，不是我离不开他😁～,1
麻烦先把房租付了好吗🍉,0
你可以选择自己关起来🤔,1
罚得太重了~~建议砍中指😌代替罚款~~~,1
普通纵火也就算了，这还是在加油站😵,0
平平安安🙏,0
脑子有问题😱,1
提醒得及时😌😌😌😌😌😌😌,1
这种不死刑的话，天理难容，这得有什么仇下这么狠的毒手啊，😠,0
没新闻可以报报天气预报，别老是蹭我哥的热度😌😌😌,1
石狮这边，楼下树倒了一大片😢,0
早上好🐰,0
小孩以为家长在跟她玩😛😛😛,0
为什么不能八大菜系换着来😏,0
第一次见有人把钱给吃了的😓😓😓,0
就你最懂😄,1
所以我好懵😂,0
不然找回来还是会再走😏,0
青春之所向🤓🤓🤓,0
幽灵餐厅🫢好可怕,0
坐等降价🍉,0
毕竟我们自己都还有搞“养狼计划”🍉,0
赶紧申遗，别让韩国抢先了😏😏,1
没看比赛的看了这评论还以为女排垫底了😱,0
在加油站烧油箱都觉得不是大事，这就是男宝吗😢,1
相关人士呢，微博提到了有志同道合的人😏,0
中国女排加油💪,0
什么破烂都炒🤗,1
我们家赶猫不是这样的😒就是拿根棍子挥两下，吓吓它，他这是恨不得打死这只猫啊😒,0
看完后立刻上QQ音乐下载电影原声歌曲😂,0
以后必是局长了😏,0
马上去惊喜❤❤,0
蛙蛙怎么就享受不到台风啊🤓,1
只能说大家平时尽量在自己圈子里做到远离抽烟的烟鬼😠,0
以后的市政工程还如何做😂,1
放弃助女情节，你好我好大家好🤮,0
这社会越来越重男轻女了，面对同样的问题，男的的依法追究，女的就道德解释！😏,1
救命哈哈哈真的全中😌,0
国家已经转向保护出生率而不保护婚姻了，还瞎折腾结婚干嘛🤔,0
有机会真的要去厦门吃一次芋泥香酥鸭😫😫😫,0
好着急啊😢😢😢😢😢😢😢😢,0
被毛子活脱脱打出了游击队的气势😌,0
不需要的不是正常人吧🍉,1
加油❤,0
秀儿👍,0
直接打电话叫城管😏😏😏,0
就开始变得暴躁😵,0
毕业就做大茶饭😏,0
全人类的广场舞👍,0
赚钱是接触创造的大动力😂,0
骗哥们可以，别把自己骗了😄,1
你怎么知道在踩缝纫机，万一在生产线打螺丝呢😏,1
公司盒饭😢,0
不造谣，还怎么，能向盎格鲁撒克逊～犹太统治阶级邀功呢🤓,1
飞云生日快乐🥰🥰🥰,0
你想淡化什么？不好意思，张薇这个事情会被永远记住，永远被拿出来刺激女宝❤,0
啊，qq删除好友是互删的吗？是在陌生人里面来着是吧？🫢,1
她该不会是国内派出去的吧😏,0
我尼玛还想办法上诉😱,1
微博提到了有志同道合的人😏,0
女方开价500万给了50万觉得给的少了，这回估计又可以收一比😏,0
让找第二个，给你找了你说要比赛了🤓还要不要第三个？,1
2500W收益6000😂理财劝退案例+1,1
他们去吃的两家店，我都去吃过😛😛😛😛,0
到时连你和你孩子都杀了😊,0
秦皇岛已经下一天一夜了🤗,0
闲着没事体验生活罢了😏哪里是上班挣不着钱呀，回头再买2套房租一租,1
跟我们没关系哦，别自作多情，我们只是劝谈，至于打不打，你们随意😛,1
祖上应该是被镇压了吧？😛,1
被拍妄想症😏,0
鼓励这俩字基本就算白说了😌,1
喝水不会有味道吧🍉,0
虽然我从来都是以帅服人，但也没被女子偷拍过，😏,0
恭喜获奖😍😍😍,0
所以不能袭击莫斯科是谁说的😏,1
愿毕业生实现星愿😊,0
做什么事情都是最佳时期😂,1
普通人违规：警方已介入，豪绅违规：最后亿次🤭,1
天呐，🕯️🕯️,0
毫无意义，不如旁边借个大喇叭重复播放：老板说穷人不配吃泡面！，😏,1
阴阳怪气，反向救美😏,1
吓得我都不敢评论了🤔,1
孩子本来没什么事的😂😂😂,0
改叫宝爸😏,1
不是没问题吗给人家吃呗🐶,0
有点儿急了点儿，温度还没降下来，起码也要等着大家忘了这件事啊！😏,1
要一起呵护熊猫宝贝们😄,0
酝酿了几天，终于凑了这么个说法😁,0
名字起的好，小三通🙇,1
面相手机充电器那一侧的侧卧😏,0
恭喜恭喜😉🌹😚,1
有男的！有男的！😊😊😊,1
母亲只是按照你们女权教的方法来正当防卫啊，怀疑偷拍是因为母亲安全感缺乏😏,0
出来都是😛,0
再创辉煌！😂,1
还没去过就没了😌,0
建议专家少管闲事😄,1
估计是想让他们买沙特的能源而不是买俄罗斯的🤨,0
那“苍蝇”有多少呢😊,0
不要说你是信阳的😌,0
没事闲的/钱多了烧的🤗,1
建议狗仔也查一查，到底是不是收了钱，里应外合，爆个假🍉来反向洗白,0
带降噪耳机🐶🐶🐶,0
渴了怎么办？😱,0
干这些没屁眼的事😏,0
不愧是日本😵,1
一批在洗的🤭,1
30年前严打，确实出来了，应该30岁了😏,0
这台风，声东击西😱,0
若是在纽约，不管男女，只要说“我是男（女）的”，就随便上厕所，也许游人多了，性别就不重要了，😌,0
地铁站务员反应敏捷👍,0
请看完再评论，他分不够，相当于你考了90分，他考了80分，录取的时候没录你但录了他，你觉得合理吗？🍉,1
狗都是其次的😂😂😂,0
桂味还是最好吃😍,0
不管谁的孩子都不能这么打吧，还是小婴儿😓,0
玩赌气就买隔壁的😏,1
房源变紧俏了啥的😂,0
我也有可能洗完再扔😏现在的点是洗坏了,0
你这么多钱放余额宝都能赚的比这多😠,0
还有报道说是视察沅江失足落水，一个人去视察的？😌😌,0
勇担当，有作为👍,0
我可以当研究对象😏,0
生吃见手青😏不过劝你还是不要试,0
杀人未遂被美化成家暴😊,1
谁叫你吃东西不东张西望😂,0
所以之前的辟谣是谣言喽？🤔,1
目前俺真不知道在哪有这类投诉渠道😏,0
装一遍，拆一遍，咋和咱特色修路似的呢😏,0
毕竟平时吃鸭脖要比吃海鲜机会多吧🤗,1
祝两个远离家乡的宝贝生日快乐❤,0
当然没有关系😌跟城镇化有关系，农村的人出来了眼界放开了，以前留在农村的人可是死命生娃😌,0
所以老婆不听话就要动手打她，再不济也割个喉是吧😂一年半都不敢蹲还妄说什么爱她😏😏,1
无论你来自哪里，哪怕来自大西洋彼岸，能融进中国人的生活里，你就是最靓的那个仔😏,0
车主外出不在怎么办🤔,0
造谣糊弄大众的成本太低了😓,1
还能不能找到那个视频😌😌我是一个月以前在头条上刷到的,0
酸笋焖鸭🤔,0
嗯嗯，压死骆驼的最后一根稻草，😌,0
国外吸毒嫖娼合法你也吸呗😛,1
他们原本可以拥有明媚的未来的😢,0
我们这新修的幼儿园这几天招生，昨天线下报名确认资料，那个幼儿园才招了6个人😂,0
就他那样谁拍啊🤭倒贴给我都不要🤭拍是给他面子🤭”,1
什么时候允许神经病上网了😄,0
她这是流年不利吧😏,0
你这个类比原本都不成立，你应该这样类比：把xxx永远在一起这一类的字眼全部换成疏通下水道这类的小广告贴自己家门口，你还觉得这样很好吗😏,1
四川的雨很讲政治7月26号以后绝不再成都区域内下雨😏,0
我可不认😱,0
网友觉得可笑🍉,1
他们也不只拦电梯，他们想在哪拍就把哪里拦上🍉,1
仙女希望😛,0
哈哈，狗罕见，狗罕见，狗罕见🤭🤭,1
争取早日破百👍,0
他的嘎子窝怎么没毛毛🐱🐱,0
也是填过15次志愿的老生了😓,0
通不通缩我不知道，我只知道内需拉不起来了🤭,1
又没说你你急什么😓,1
我会砍了对方🍉,0
有事还是人民子弟兵🙏🙏🙏,0
玉骨遥真的很好看，剧情不拖拉，不狗血，演技在线，肖战超级帅,0
逃不掉了，😂😂,0
外国人就是能干又聪明😌,0
堂下何人喧哗😂😂,0
老人意识清醒，主动让他们离开，这是什么虎狼之词😏,0
拍车厢站牌，所以手机确实是在拍东西咯?🤔,0
注意安全❤,0
是该再卖一点了😄,0
呵呵🤖不是说子债父偿吗？下回，未成年网贷是不是不用还了？,1
真是还能比更差的😠,0
人咬狗才是新闻😊,0
整个社会对儿童包容度无限刷新下限😞,0
还行😏,1
党徽耀眼  👍👍,0
为老不尊😏,0
本来还能低调点当个老三，结果多亏了同行衬托，毛子表现那么菜，我们只要当前两名了🤭,1
注册资金一万块，投资百亿😏,0
想去呢🌹😉😋,0
能不能学好语文再来上网啊🙀,1
共同富裕😏,0
吃瓜的表示：偶像不需要x生活，不能处理情侣关系😏,1
保安的工资未必比骑手高😂,0
本来用自行车骑到三亚都已经够炸裂的了，结果还是跑去别人别墅半个月半个月啊，更更炸裂的事还是痞幼的别墅，更更更炸裂的，是他的名字叫朱一龙，😌😌😌,0
这是西游记的那个外景地吧，必须用栏杆拦上~😁😂😂,0
就不能有个“我一点都不懂”的选项？😂😂😌😌😂😂,0
这个就也能判断！😊,0
我们也是欧洲人啦😂,0
今天叫醒我的还是我妈😏早啊,0
只不过速度优化了亿点点而已，😂,0
清的好，你们这些老百姓事儿真多😏,0
小伙子还是年轻呀😏,1
很符合我对IP的刻板印象😆,0
这才是头等大事👀,0
我是弱势群体就可以无法无天😏,1
等美国代表队吃完了端过去就行了，不用问的😼,1
看得心好痛！宝宝那么乖睡觉，最后哭也那么小声，有的人很好却怎么也怀不上孩子，有的人渣轻松拥有孩子却这么丧心病狂虐待，真的看了会心绞痛😢😢😢,0
支持琉球独立🤗,0
一时冲动😌,1
感觉这股仇童歪风越吹越猛了😊,0
钱花完了？😠,1
以前上班坐滴滴，现在失业了就去开滴滴😏,1
天赋还是大部分原因😏,0
愿灾情早日过去🐰🐰,0
水花消失術😂😂😂,0
你不坐，C919的天就塌了😖😖😖,0
我看你就是那种生来不教的人，你的孩子就是那两个公共场合踢球你不管的那种，真可怕，你自己说出这种话，你就是个蛮不讲理的熊孩子😛😛,1
他们可能是忘了🤔,1
还有其他参与制作网站的人都是犯罪者，望周知🤗👋,0
请救救这个可怜的孩子😢，施暴者就该入地狱,0
难怪小仙女的口头禅是“我一个女的又不懂法”🤗,1
不担心，相册都是自拍照和美食风景照😌,0
不处罚的话我准备组团去拍照了😁,0
汽车普及率越来越高，网络媒体越来越发达，你看到也就越来越多😏,0
我一般在凌晨时段充电，一个月前还是0.4元/度，现在涨到了0.6元/度，”涨2毛钱就开始叫唤太贵是什么毛病？🍉,1
又是这个机构呀😏,0
少年强则国强👍😏,1
偷偷效应❤,0
拍视频的经过女生允许了吗😱,0
堪比98年开始的大学扩招😏,0
我澄清一下🐱他们不是旅行社，他们是传销！😂我们做旅游和他们做购物团是不一样的,1
实在令人惊讶🍉,1
滚🐶,0
幸好火车停住了😌有几条命敢这么玩儿啊？害人害己,0
哈哈，是的额，这两人就不合适😌,0
发展中国家的大雨太可怕了😂😂😂😂,1
说话积点口德吧😓,1
嗑药，套牌车，袭警，逃逸，就这还他妈的小天使😌😌😌,0
看来高铁也难以动😌,0
为什么要看老师失不失业😏笑死,0
各种演唱会也是这价格🤨,1
不配出现在厕所门上🤔️,1
这人还怪好的，吃饱喝足还送回家😏,1
多多益善，🍉,0
米国才是种族灭绝！！！😠😠😠,0
孙悟空有72变，这个造型是其中一变🤭,1
S不拉叽🤗,1
批评教育啦😏,0
编辑了一次还有错别字😏,0
打印机都抗议了😏,0
赵露思好棒，偷偷藏不住好棒😮😮😮,0
哈哈，为什么看起来怪怪的😌,1
暴雨如注，连绵不绝，声声入耳，难以成眠，😢,0
马户😂,0
背后是否存在有利益输送😼,1
向往主体思想🐱,1
我自己做的生巧加了几滴舞娘都快把我吃yue了😓,0
我也喜欢😍,0
又有不少卫士在给景区辩解，🤗,0
关注点奇奇怪怪🤭,0
抵制🤮,1
回归初心了🤗,0
一路走好，心疼😢😢😢,0
来抑制物价飞涨😱😱😱,0
飞云这个生日蛋糕可比美香那个冰块实惠好看多了，连动在生日上对三小只还是很不错的👍,0
现在烂尾楼都靠拖，把业主们都拖死了，就不会发生系统性风险了😏,1
多好啊😌,0
我的父亲2018年被大货车撞成植物人😢😢😢😢😢😢😢😢,0
云南这会儿好容易毒蘑菇中毒😌,0
坐她腿上🐶,0
相册要是没有，那岂不是更尴尬😆😆,0
捐赠的反而不要了😏,0
醋😏😏😏一加加很多😏,0
来，表演淹到眉毛一个月活着给我看下😂😂😂😂,0
人太多了😂😂😂,0
别说，他还跳挺好，😂😂😂😂😂,0
深圳应届生不是就只有三千剩下的四千多哪来的🤔🤔,0
油罐车起火，感觉司机生还的可能性极小极小，但还是抱着一丝希望，保佑所有相关人员平安🙏,0
是联通啊那没事了😓,1
只有一块反骨😏别的没有,0
卢总:自研猪肉难吃！😏,0
绣花😱,0
计划就是反攻不可能实现🙇,1
必须上报联合国，看看我们的头条新闻,1
天生我材必有用❤,1
USA养的🐶，没办法，来去自如,0
你说不可录屏就不可录屏？🤗,0
说到男老色批，不得不提“祖母假说”，女性1/3的生命期在闭经后度过，这种丧失生育力而长生的特征只发生在人类，从基本能产/进化看这是异常的，于是有了祖母带娃/挖菜提升孙辈活力的适应性解释，而大妈各类作死操作似乎又反应了无产后死亡本能的紧迫，至于大爷，就一行走的瘾茎，且容易失控，😊,0
王源的🤓,0
蒙太奇式澄清，骗骗粉丝得了🍉,0
俗称退货🙇,1
红宝石😂,1
收了不知道几个100万欧元🤗,1
真的很惊喜,0
为啥他没跪秦桧旁边😌,0
可不一定省钱😏,0
领导就找我谈话😊,0
中国有烧香祭拜的传统🤔,0
你是不是觉得你比他们还专业🤔️,1
老流氓猥琐男能不能阉了😠,0
谁违规，处理到人😏,0
这周上六天😢,0
好蠢，850买隔壁的不行吗？😏,1
我们有“中式衰退”呗，😏,1
评论区圣母这么多但凡有一个人不远万里去把它领养了它就不会翻垃圾也不会被驱逐了捏😄,1
吃西瓜🤙,0
先把调休取消看看诚意😛,1
云南人怎么还没进化出抗菌毒性😂,0
保温杯就能吃饱肚肚了吗，有没有可能人家不止在山上玩一天？这么想赶游客提早下山吗🙀,1
仅是批评教育岂不是纵容😱😱,0
该👍还多次殴打，.是吃了豹子胆,1
就这配乐，也得让他夺冠😂,0
那一晚好几个，也可能是我的😏（我编的）,0
不能评论你在干嘛🍉,1
野火烧不尽😌,0
好在全部玩过一次，没什么遗憾的😛,0
估计一直有气，爆发了😌,0
虽然躲过了杜总，自救指南还是有必要收下😌,0
小马哥我真的哭死，国内被捣乱成那样还没滑跪😢,0
真的会有失眠的人吗？为什么我老是睡不醒？😌,1
张薇的功劳，被拍妄想症😏,0
我在别的微博看到的，警察对于家暴一般都是和稀泥，因为很多情况下女方要死要活要把男方关进去，结果男的进去以后，女的又闹着要把男的放出来🤭🤭🤭我只是转述，不代表个人意见哦,1
非常重要的一句话，暖心❤,0
上一个报警的，已经进去踩缝纫机了😏,1
怎么回事🤔️🤔️🤔️,0
该小区的房价要涨了😛,1
就算权益没受损就不能维权了吗😠薇薇这么说的😠,0
女流氓😏😏😏抓起来,0
这种人渣赶紧枪毙，还查个鸟🤮,0
真想捶死当时买房时的自己😢,0
才导致现在学院霸凌肆意滋生😠😠😠,0
要看做什么🍉,0
我的国😏😏😏😏,1
一个月也三万多呢😛,0
有人买了？😌,0
快说你是来四川旅游的😓,1
期待亚运会无电竞😏,0
湖南不服🤙,0
会突然吓醒😢,0
就是呀～不要以一概全，我们现在有很多优秀的熊猫奶爸奶妈，而且还有很多专家，要一起呵护熊猫宝贝们😄,0
这波营销操作挺牛🤔,0
有种东西叫强制执行，法院从账户直接扣钱，还有滞纳金😏,1
教育局愿意配合调查，学生和家长怎么不回复了😏,1
能到地方“部分”人手上😏,0
看哭了😢,0
对得起这身制服👍,0
资金缺口高达310亿😏,0
不然有进步就肯定有退步的😂,0
大国措施😏,1
老人自己去纹的🙀别人宁愿把子女电话纹手上,0
还有这种bug？😱,0
我真的想继续賺钱😏,0
公摊面积只在大城市还能坚挺，韭菜是源源不断，我们这小城市，买90平米房子，送10平米，给100平米，公摊面积，开发商摊了，这都卖不动，😏,0
是前一天床上谈好了的🤔😏😌😛,0
发生这种事情，如果没有第一时间报警或者工商投诉，而是自行和店家协商赔偿、且上网打小报告的，都有恶意维权的嫌疑，🍉,0
那里不是北京，关系网黑得很😊即使调查又如何呢，保真吗,0
怎么没有带广东工业大学去😏,0
坐在空调房里搜索网络短视频然后转发“新闻”👎,0
你真的做得得很好😍,0
我应该在车里不应该在这里😌,0
张微以后有儿子的既视感😏,0
女流氓😏😏😏抓起来，报警啊,0
但是坠胎了🤔️,0
俩250😂😂😂,1
墙上挂的还是排球的海报😢😢😢,1
另外腐败分子居然只得一个警告处分，这简直就是尚方宝剑啊😒,0
不装了，摊牌了，😌,1
愿天堂没有痛苦😖🕯🙏,0
张薇保研作弊，高中和大学还80，查看算什么处理，真要处理应该取消她硕士学位👋,0
还拿最佳怎么敢的🤗,1
公交车不也有那种情况🍉不让座就碎碎念,0
好心人👍,0
吃瓜吃到自己家~😌,0
愿逝者安息🙏，尊重逝者，不要随意揣测,0
愿平安❤,0
叠加伤害🍉,0
自驾游都能被网暴，是谁疯了😱😱,0
都没有看😏😏😏,0
厉害👍,0
那些荒岛求生的博主们下岛了吗😂,0
终于看到这个评论了😏😏😏😏,0
真的拆了，为景区打call，真的有听到大家的诉求，😄,0
我上次这么评论被它删了，你仔细品😊,1
愿平安🙏,0
这么小都下得了手😢,0
共同教育😂,0
免去多项职务，没说免去全部职务，证明还有职务，也没什么影响，就是更清闲更有时间逛街了😏,1
傻子，下次戴口罩😏,0
女的闹自杀要跳楼🤗,0
让我想到了我的妈妈😫,0
简直了😓,1
给你指导的人或许连高中都没上过🍉,1
国内被捣乱成那样还没滑跪😢,0
大马猴😌,1
只是检讨一下😌,0
加油啊🥰,0
是的，但因为一句海陆丰，很多人把汕尾市跟陆丰市合在一起了😌,0
投胎到这畜生家😢,0
愿人们平安🙏,0
这么大只狗怎么不说话了🤗🤗,0
就是不舍得降价🙇🙇,0
家里又没人🤔️,0
作秀罢了😏,1
我天天做梦在天上用游泳姿势飞是什么现象😏,0
让我打开钱包就不可能🍉,0
ATM取款机取出假钱假钱是咋进去的？🤔️,1
俱是天恩😏,0
九龙吐水？OR九龙“泡澡”？😡😡😡,1
我去😌😌😌,1
对于传谣造谣的，来一次严打吧😌,0
田园男拳卖得可爽了，流脓了吧，😂,0
真爱生命，远离未成年和神经病😏,0
人生不如意十之八九，一场演唱会没什么大不了，不气不气，😎→😞→😖,1
高考前还记得，一个月后忘了😊,0
可以预见的，下一次可能是肉片上有彩虹油膜，怀疑加了化学添加剂😏,1
杭州幼儿摸胸，4岁男童殴打4名女大学生，广州这边暂时先等等😌😌😌,0
王源的😜,0
我抖动非常大，会突然吓醒😢,0
3年？🙀,1
有多舒服只有去过的人才知道🍉,0
那个牺牲的人怎么安息😢,0
为啥不要求单位放假😛,0
这有啥，奔驰都能进故宫🤓,1
我是假的曲阜人😱,0
小熊精😮,0
小心韩国队把水果区清空打包走😂,1
想走就走😛,0
能坐高铁🚄，就能死，猖狂,0
中👍,0
那这个孩子怎么办🍃,1
43/12=3.583333333一个月也三万多呢😌,0
估计好多都得加班😂,0
孩子和教练🕯🕯,0
这届网友咋这么较真呢！！😌,0
宜家还有这个业务呢啊🍉,0
说明P掉LOGO还是有成效的😆,0
然而并不是，首先是爱豆不是明星，爱豆是不配有女朋友的，更别提性生活了😏,0
大麦以前就是倒票的😏,1
我好奇这孩子长什么样😌,0
有精神病为什么不呆在精神病院里，治好了再发出来啊🤔️,1
别开发旅游就完了😏,1
这又来一位😏,0
结果就是没看上😂微信没删,0
这种人就是给脸不要脸🍉,1
就不会发生系统性风险了😏,1
玩物而已，啥时候成人了😌,1
以后不会了，送外卖的都是硕士博士，工人什么的硕博也很正常，肯定认得😏,1
不存在，还这两年都自责和懊悔，要笑死谁😛,0
别是自己意淫🍉,0
这也太爱火锅了，高温也不怕😂,0
只能是不够睡😏,0
刑👍,1
发光的铁路人👍,0
猪养肥了，该杀来分肉啦，🤨,1
一人赚三万块钱😏,1
反正造谣不判刑，最多也就双一留，😏,0
第一眼看到“余华”二字，心里一惊，😂,0
懂得都懂😂,1
遗弃罪判这么轻啊🤗,1
愿大家平安🙏🙏🙏🙏,0
这婚姻还叫没有出轨，那什么样的婚姻才叫出轨？非得来个重婚证是吗？😓,0
活该😂,0
毕竟这玩意报应不那么快😂,1
清者自清，谣言止于智者👊💪💪,0
见过面积20公摊15的小铺子没有😏,1
麻辣香锅🍉,0
为什么没有评论，大家都不敢说了吗😏,1
顶一顶吧😢刚被霸凌就报案了,0
大象鼻子会喷水😏,1
只要不涉及职务犯罪🤔🤔这事不就是既得利益者按闹分配嘛,1
现在也做的可能都是当年的同一批人😛,0
就怕失败😂,0
印第安人没多少了吧？🤔,0
狗狗帮人类挡祸了😞,0
让我想起了笑果脱口秀🐱,0
说郭某某在提前一批次名单中，但不在提前二批次名单中😵，没看明白,1
早❤,0
曾经为了买两个烧饼排了俩小时队🤙,0
无语无语，未成年保护法什么时候能改改😷😷,0
还比赛吗😂,0
总比球队“一渣到底”强😂😂😂,0
我真的要吐了🤮,1
美军没几个人会开米格29苏27啊😏,1
这还是人😱,0
总有人边走边抽，还有的人就是不抽，夹着点燃的香烟走了一整条街一口都没抽😠,0
高端操作👍,0
只会强烈谴责啊😏,0
别的还没具体了解过🍉,0
有一说一，有些日本新干线的通勤车，站非常小，因为人流少，所以一天只有一两班次，不知道为何不能建小一点的站，然后车次因人流量而适当增减，还是管理问题，还有涉及腐败的嫌疑😌,0
你觉得合理吗？🍉,1
有人这么整景吗🍉,1
因付费问题情绪失控就纵火伤人，😏🤔,0
连孩子都不放过了😂,0
字体毫无违和感，10岁，人才阿，😂😂😂回家必须好好教育，太皮了,0
买房送“惊喜”🐱,1
读的不比你多？🤗,1
你在避重就轻😱你不回应他的问题，在这扯疫情前，怎么？疫情后发现这些问题然后整改也不行吗,1
不用找导游还要看他们脸色🧎,0
吸1口烟代价😛,1
点进去看实际上人家是发了的😓,0
都这么会抓重点😁,0
还道歉😢,0
笑死我了😂,1
不影响他人和自己的安全有序出行🤔,0
按套路估计后面还得涨🤗,0
说的什么鬼话🤮,1
我也觉得，很帅吗？？？拍他干啥😡😡😡😡,0
财路要断了吧？🍉🍉,1
我不装了，我摊牌了，如果谣言是真的，我自己会去坐牢✊,0
怎么做到的？🍉🍉🍉,0
希望内地也实施😊真是受够了边走边抽烟的人😊,0
还是脑门都长了摄像头，😓😓😓,0
说是拍后面的站😊,0
你搜搜看，还能不能找到那个视频😌😌我是一个月以前在头条上刷到的,0
收费杆锤子1200，我看过公司采购计划，最多400，不得了了😒,0
这个词用的😏拭目以待，你在期待什么啊😌,1
你们都快来生孩子啊，生一个培训三天，生两个下回培训你就有经验了，生三个培训的时候你就可以不用记笔记啦😏,1
厉害了，我的国😏😏😏😏,1
我也是个女的😢,0
上学的时候一脚把桌子踹翻了🙀🙀🙀🧎🧎,0
有没有可能以后既吃不上饭又一身病？😌,0
借此呼吁不要不当回事儿😵,0
全中😂,0
牛皮往大了吹，😏,0
继续吃，🍉,0
自己做了三个菜，青椒火腿炒蘑菇🍄，藠头炒肉，番茄鸡蛋汤✌,0
最权威的人说话了😔7月4日，国际原子能机构总干事格罗西证实，东京电力公司核污染水排海计划符合国际安全标准,0
文明社会，允许个人私密信息存在😂😂👏👏👏小编，这话你信？,1
想去见马嘉祺😢,0
事业单位招聘😏,0
内务规范很重要，😏,1
怕维权😂,1
有没有一种可能，你说的那个地方叫陆丰😏,0
尽显英雄本色👍,0
太可惜🥺,0
有一说一教育局校园安全管的也是周围交通，校园安保，消防之类的，安全施工之类的超出专业能力了😌，取这标题有种差点砸到官老爷歧义,1
别一味的怪男人😏😏😏😌,0
所以才会问题不断，😂😂,0
要是那么想要钱自己去赚就好了😍😍😍,1
教育出来的小孩子可得什么样啊😊,1
啊？张薇造谣倒打一耙全国闻名小事一桩🤭浙师范行知学院女宝致人二级小事一桩🤭，盖个鸭饭给一巴掌小事一桩🤭，看来女宝犯罪皆小事呢🤭,1
被偷拍好可怕🫢,0
都要平安啊😢,0
能感受到母亲无私的爱，能感受到母亲的温暖和爱🐶,0
活着不好吗🤗非得作死,0
就是就是😌😌😌这还不如不回应哈哈哈哈哈哈哈,0
中国健儿加油,0
央视频不下架，他是不是这辈子不打算说话了😌,0
好样的！👍,0
没见过嫌甜的😂啥人都有,0
班主任来了😏,1
警察是依法办案😛,1
老百姓中还是不少人不满意的！官民相抵触是基因里的😂,0
这和前段时间指🐭为🦆有一拼😏,0
到底谁盗窃😏,1
看胸也能辨别出来吧😆,0
眼见他起高楼，眼见他宴宾客，眼见他楼塌了😌,1
美丰姿❤少倜傥,0
太惨了😂,0
所以啊，罪犯还怕什么呢？🤮🤮,1
雷霆雨露，俱是天恩😏,0
还是涡扇出圈牛，3，400百米高仰角直接拉起来，现实中可没有这么开的，😏,0
重庆的夏天太不容易了😢,0
主打一个自己监管自己😏😏😏,1
这就是爆剧效应😽！,0
说出你的故事😱😱,0
猴子就要用猴子视角😏,1
我好想吃芋泥香酥鸭🤭,0
互相比烂😂😂😂,1
我看到最多的错别字是把不愠不火写成不温不火，而且还有媒体记者是这样的😌,0
尤其是汉字，😍,0
关键伤了死了还要人家背锅......😓,0
生日快乐🎂🎂🎂🥰🥰🥰,0
这叫暴露？？？？😱,1
吃火锅😏,0
加油💪💪💪,0
几乎每个品种都尝过了，桂味胜出！！！😏最好吃，核也最小，除了整体个头小一点，没毛病，还便宜,0
你确定2.5个小时🤔🤔智商,1
还不让人抱怨了吗😄,1
中国山西😊,1
这是因为舆论太大扛不住了吗😌,0
pollution还是population，这是嘴瓢了？还是内心？🤙,0
死活不愿意承认根本原因🤗,1
爆炒牛肉👍,0
能挣3500万，判13年也不是不可以😏😏云南平均工资一年才不到十万，蹲13年有人管饭，能换来350年的收入，划算得很,1
偷情不犯罪，公众懂你妹，高薪继续拿，美女继续睡👋,1
偷偷藏不住好棒😮😮😮,0
愿大家平安🙏🙏🙏,0
说明他是干干净净的好人😊,0
多极化初露端倪🍉,0
古代版狼人杀🐶,0
为什么司机是女性的时候不写标题为轿车撞人😁,0
我不知道杀人犯法，请问杀人有罪吗😛,1
猪蹄就不错呀😌,1
还盗号😂😂😂,0
你们猜吃坏难么多中国儿童的三鹿事件里被处理的官员又复职升官了没😏,1
下班了还有小姐姐来接，换成我也开心呐😮,0
有没有可能，咱可以不怎么奔波呢😏养老金养不起你是嘛，那可能是我幸福阙值低吧😏没孩子爽的一批,1
你要下平均一点啊🐱🐱🐱🐱,0
前几天还笑话韩国暴雨😌😌😌,1
建议纪委可以查一下😆,0
单休有谁管管，😛,0
2岁男童射杀怀孕妈妈的新闻才不久吧，袁腾飞：人人持枪，他才不乱🤗,1
我查我自己🍉,1
应该把苏炳芮永久除名🕯,0
你说的那个地方叫陆丰😏,0
你可以拿几百米扔，但我不行，我懒得走几百米，我就想随手倒汤😏你素质高你清高，我素质低😏,1
有病🤗,0
好像是两年还是三年不行，这通报就朱某某没有年龄，还是别问了😏,1
上一个报警的已经在里面踩缝纫机了😏,1
少管所，有没有这种机构🤔,1
希望多搞点女厕所吧😌,0
团队:太难了😞,0
回复，精神男人罢了🤩,0
你这🐶🧠怎么长得，思路清奇,1
既然合规，同事们就自求多福吧😁,1
因为她相信自己的导盲犬朋友🙏,0
妹妹没有枪，所以没有达到人人有枪，所以这条不算😛,1
生怕别人把他拍了发网上说是家暴😌😌😌太惨了,0
伤情鉴定结果是轻伤，😏,1
那就让他亲自喝一口😊,1
科技与狠活是吧？🥰,1
现在着急了，迟了🤭,0
前几天去看过，太棒了👏👏👏,0
听说是传闻没停职，才重新发的公告，那天通苑软肋，家里资产9位数，有点大新闻，是不是官方会发布下意见😂,1
先骑个墙🍉,0
孩子得有多害怕😖,0
呃，这个方面，如果是外穿的衣物还好说，有些人会捐穿过的内衣物，当然只是极少数，但看到的时候确实会心里有些不舒服，有些内裤都发霉了😌,0
这种新闻是不是在鼓励躺平😏,1
四月的旧闻了，当时已经被你们同行推过一次热搜了，你这属于旧🍉新吃？,0
就是我睡的太死了😊,0
两只战斗熊猫🐼生日快乐！,0
制作工人背锅😏,0
不合理，最好取消音乐节，一群208戏子😓,1
没热度😏,0
长得好英武呀😻,0
现在年龄比扎克伯格大那么多😌😂，不看好，再说人家一直锻炼，你靠那突击的几个月頂屁用🤔,0
不敢来😏,1
这不巧了么，我的5和6加起来就是11😛,0
大麦跟黄牛本来就是一家啊😂,1
可是我融不进去大妈队伍😌,0
有时候拿水杯也还在用脚开门😌,0
在北方买整只鸭子也比鸡便宜😂,0
欧盟是美国的欧盟，不是欧洲的欧盟😁,1
秩序是一个教育体系内核最好的证明❤北大处理得好诶,0
不管你信不信~我反正不信的😏,1
这经济战打的防不胜防啊🤗,0
莲花楼，花花❤,0
还可以报道内鱼塌房新闻啊！一天一个！多带劲儿，瓜都吃不过来，😛,0
未成年真是可以为所欲为👋,1
有通缩危险，但不至于😏,1
爱喝奶茶的朋友一定要坚持喝，只要前期先为奶茶店做经济贡献，后期一定会为医院做经济贡献😄😄,1
你怎么不去告她呢😢是不想嘛,1
逝者安息吧😢,0
高端大气上档次😛,0
马上要去看鹿晗的啦😍,0
苍老师可不去😌,1
不答应能咋滴🙀,0
怎么样呀😋,0
性生活也是人设之一啊，取之有道即可，不需要的不是正常人吧🍉,0
为啥只告侵权不告诽谤？🍉,0
就是这个样子😱,0
嚯😊,1
你这说话的用词云南老哥吗😏,0
别存钱了😏,0
今年又沙尘暴又大旱大涝的都齐了这气候🫢🫢,0
公道自在人心🤨🤨🤔,0
往评委台上扔😌扔完以后骂了一通😌😌,0
学校也不能补？？？😌,0
两只战斗熊猫🐼生日快乐,0
你m.mp的正常走在路边😏,1
小鹏每年送电1000度，用不完，真的用不完，😏😏,0
所以要戴套啊😌,0
给救援和被救援的都点赞👍,0
太愤怒了😢居然是幼儿机构😢可怜的孩子😢😢😢,0
要不要和女老师和解一下😏,1
我们的计划是落后于计划😌,1
以后不敢用他了😂,0
有关部门必须刹住这种变相宰客手段👎,0
大头娃娃让全世界笑话，最可笑还是被外国人曝光的，事实摆在眼前，意淫别人没有的事，🤭🤭🤭真可怜啊！,1
一个多小时🍉🍉大学坐过一次后再也不想坐了,0
专家温馨提示火了，你开的是汽车，不是潜水艇😁,1
我也坐了，很稳，隔音很好，都快赶上动车的静音车厢了，比747晃来晃去的好多了，推荐大家都去感受一下🐶,0
他俩是真爱，孩子是充话费送的😛😁,0
意思有个孩子，但是坠胎了🤔️,0
我的意思😌😌😌我是说：没看到的,0
小心它们还会清咸菜🙇,1
我不可能付这种款😂😂我妹有这么多钱啊！😌,0
大陆也可以轰炸台北哦😏,1
但并不能算人的😛,0
屏蔽群里某个人讲话✊,0
你确想起来隐私😌,0
有钱人穿六七百块钱一双的袜子👋,0
只能当个饿死鬼了😂,0
那酒店也可以出售自热米饭呐，矛盾可以转移😋,1
宝宝杀了宝宝😢,0
结果判十五年🐶,0
小新帮我问问🙇,0
人家重庆早就是套内面积出售😂,0
美滋滋😄,0
停了快两天了😖,0
谁有闲心看ta们网红🤗,1
他姓什么关我屁事他爱姓什么姓姓什么😏😏😏😏,1
自己搞不好都被压着了😵,0
为什么看起来怪怪的😌,1
盲猜上海结果果然是😌,0
看到有新闻带照片的是个命贵族裔😏,1
这事儿没多久，就来了疫情，但一直没有调查结果公布；同时还有“软肋”但主角们也没公布，他们可能是忘了🤔,1
盒饭便当🥹🥹,0
那些骂的，除了机翼，其他零件都是国外供应商供的货，在华组装而已，现阶段已经不错了😏😏😏,0
你这人说话有意思👍,0
我就住在马泷齿科对面沐诗酒店，早上差点游着出去😌,0
刚通知让应急值守🥹🥹🥹,0
你看看🤗,0
博大精深😱😱,0
高温也不怕😂,0
性别正确的😁,1
只显示4g👍👍,0
上一个这么做的正在伺候缝纫机😌,1
一般不都是大领导们才可以乘车进入嘛？咱们普通老百姓哪有资格让他们开那个门🤔,0
我国道歉还是很有用的😆,1
取消遗产税还怎么卖信托啊🍉🍉,0
啊对对对😏让法律原谅男宝吧，毕竟盗取公共信息不算什么,1
你不说我还以为是蟒蛇，那么长😳😳😳,0
圣诞也能改😂,0
不留功与名😂,0
处理没毛病啊，既然疑似精神病就应该去鉴定一下🤔🤔是精神病就该怎么办怎么办，不是也该怎么办怎么办，互联网老有人爱跟精神病计较,1
一屁股坐在大妈身上😂,0
爆发了😌,0
从来就没有绝对公平🤗，只有相对，每个省情况都不一样啊，哎，🥹，都很难，都是为了自家孩子能上个好学校,1
问你们喜欢什么运动，你们都在“”早上好“，😂，还是互动起来塞，我喜欢篮球,1
还是被发现了😏,0
你觉得说不清就说不清喽🙄,0
又能用几年呢？🍉,1
祝福🤗,1
劳动法先落实了再说话🤓天天画饼,0
马上送去医院😊,0
我们寝室有用的，安利的我们现在都用😏,1
北方干热，南方湿热，都热😌,0
宝宝好着急呀🐶,1
有些地方回归了，你也不能想去就去😂,1
开支增加的同时，还想着减少税源，这是准备公开摆烂了？😂,0
加入旅游计划清单😁,0
天府机场让你选址不听话，要不是高铁出手网友还得接着吐槽你😏好了不说了，铁路牛逼[中国赞],1
这个部门牛逼，这音乐会带坏年轻人，年轻人要自己创作音乐😂😂,0
我真的觉得简单标个男女就很好，老人小孩看那些图标真的很费劲，我也会经常要站在门口反应一下，然后小心翼翼的进去，生怕走错了😂,1
卡努同志，艰巨的任务就交给你了，去小日子执行任务吧😏,1
群内禁言和特定人屏蔽，微信群真的烦死了😏,0
以后就常态化了，👍,0
一堆媒体一字不差全都抄了😌,0
没想到我们牙医也有生命危险🤗,1
广东人疑问，禁样会唔会生非滋哦？🤔,0
这么多天还等后续😌😌,0
调休更痛苦，这周上六天😢,0
不知道为啥国内这么多black鬼？😠,0
一看就是颜色革命😛😛😛😛，老人的家人只是他们的借口，以便警告马克龙别太得意，你走不出老大哥的手掌心,0
一眼shy哥（误😏😏😏）,0
有没有一种可能还有其他C姓女士，所以此C非彼C🤨🤔️,0
疫情前也有很多高校是不给随意进出的呀😂,0
现在投标基本不查原件了😂基本都电子化了,0
我怕啥😁,0
就不能给他个重新做人的机会，留社会察看吗？诬陷损害人格尊严，泼热水伤害别人身体的，这两件事都能被宽容！，这个泄露信息的没有对别人造成实质性损害，相对来说更轻一点吧！😷,0
现在的家长怎么跟小孩子一样👋,1
劝善惩恶部，这是什么部😌,0
想让那个行业消失，哪个行业就消失，这才是真行业冥灯😏,0
社会都乱套成啥样了，还谈什么伟大复兴？😛,0
怪不得呢🤭🤭🤭哈哈哈,0
你傻呀，这钱肯定是景区出的😌,0
真要处理应该取消她硕士学位👋,0
修个高架从他们头上走😏,0
想显摆被指出错误就恼羞成怒🍉,1
呵呵，😊,1
还说我无知😂😂😂,0
小日子、小西八，俺来了😏😏😏😏,1
犯罪的成本是真低啊，这种人他出来后肯定会报复吧🤔️,1
没有三十秒，每场十秒结束战斗，敢不敢进场实名制啊🤗🤗🤗,1
逝者安息🕯,0
下乡好多年了😖我有个五保户亲戚癌症去世,0
都在说急刹车和刹不住！那么大一群羊😊看到之后慢行很难？每次事故大车都比较多💔我们这儿就有个学校🏫，门口就是大马路，那些大车跟，绝不减速，反而是哪些小轿车停到大车前面加两个保安互送！没办法，他们根本不停😊,1
相对考编制好难，给我选就是编😏毕竟我那个专业,0
看清楚了吧😏那些中几千万的是不存在的😏,0
为啥要有公摊？人家重庆早就是套内面积出售😂,0
确实是个问题🫢,0
问题是人家丢鞋也有正当理由啊，是前一天床上谈好了的🤔😏😌😛,0
哈哈哈哈哈哈哈哈哈😂😂😂怕吃起来刹不住吧，另外重点看好西瓜摊😂,1
一提就说别人地域攻击，😂,0
怎么进步🤗,1
建议有认识的转发到老人亲属朋友圈提醒一下😓,0
你死不死😒你就是男孩他妈吧,0
你管人家值不值😓,1
别跟团得了😌,0
那也太不公平了🤗🤗,0
他都和别人造宝宝了😵叫他宝宝不合适吧,0
谁的责任谁负，你阴阳怪气什么🫢🫢🫢深井冰,0
让我买彩票中大奖，我要捐款🙏🙏🙏,0
他这是恨不得打死这只猫啊😒,0
为罗平拆除九龙瀑布景区围挡点赞❤,0
豪绅违规：最后亿次🤭,1
你们等着，我们这里很快教你们什么是热，😏,0
说不定里面就有像朱婷大魔王存在的孩子，不仅仅是每个家庭的损失，也是中国女排的损失，更是国家的损失🕯,0
最爱飞云！😍,0
劳动法能不能管管医院👋👋👋,1
飞云生日快乐，平安喜乐😄😄,0
我在石家庄，大雨好像要一直下到后天😱,0
这事没热度，性别互换，服务器瘫痪，😏😏😏😏,1
我小时候学舞蹈就是😢大腿内侧韧带已经过度拉伤了,0
每人收费10800元，进校干什么？？？😱,0
等大了让社会教育是吧😊,0
知道客流量少，为什么要花那么多钱建？🤔,0
挂七仔账上哈😂,0
这是小时候做的吗，这都是我现在会做的事啊😂,0
我滴天，太残忍了，怎么回事🤔️🤔️🤔️,0
已经上了一次大学😓,0
切腹自尽，馆顶堆放了用来装饰外墙的建筑材料，下暴雨材料吸水，重量倍增，棚顶承重很小给压塌了，😓这体育馆到底是怎么坍塌的？没地震没人拆它，它到底是怎么忽然间就整个轰然垂直坍塌下来的，让人连预警逃出都来不及，地震坍塌都没这么快吧,0
好可爱😍她永远都会🈶️好玩的东西😌😌😌😌😌,1
关我屁事🍉,1
卧槽，真！😏,0
内需拉不起来用电量还同比增加了5%，生产出来的东西是给鬼用是吧😄,1
谢谢分享的攻略，学到了❤❤,0
遇难者真可怜😢,0
可见中奖率多低🍉,0
别管他，他觉得我在打拳呢🙄没救了,1
小棕瓶真的值得冲，用过的都说好👍,1
是不是骂人了🤔,0
今天开始让我的猫在家隔离😛,0
哪来的处生🤭,1
信不信😏,1
取消调休😂，多放几天,0
有参与过捐赠活动的都懂，书面一个献爱心捐啥都行，电话里头特种困难必须给钱😊,0
挪了2500万才赚到6000？😳,0
ta是男的🙇,1
没有任何地下车库能在极端天气面前保全的😂,0
说这些没用，那个牺牲的人怎么安息😢,0
很好吃😋,0
瘦弱的女生，坚强的意志👍,0
没新闻可以不用报😏,0
反正我相信是真的😂,1
妈妈真的很爱自己的孩子，❤❤😋,0
父母亲的余生该怎样度过😢😢😢,0
都是社会底层苦命人，为何要互相伤害啊😢,0
这些鲜花一样的女孩子们🕯🕯,0
难怪了，其实他妈妈的做法我也可以理解，肯定觉得儿子被人坑了，不过在别人门前安监控属实欠妥犯法了，说实话如果是我儿子我也觉得被仙人跳了，不过既然发生了也不能怪别人，该出血还是要出的🐶,0
但现在的韩国政府已经跪了🍉,0
《未成年人保护法》保护的应该是受害者，而不是未成年犯😊,1
微信真正实用的功能不出，净出些没什么用的🤗,0
我江西农村32.8W起步，而且还有逐年上升的趋势😛😛,0
那必须是may飞瑟舞+猪猪啦,0
我谢谢你祖宗十八代😊😊😊,1
虽然你说的很对😁,0
那可不是剧剧爆🤗🤗🤗,0
一般口服心不服的都喜欢说“错了就是错了”😛,1
满满的求生欲！心理素质真的很棒！给救援和被救援的都点赞👍,0
此事和特别势力有无干系，？？？😠,0
怪吓人的😵,0
吸多了？？😁,1
那我们包括在禁令里面吗？😛,0
下次聪明点改个名字先，😏,1
傻缺才信病毒，病毒有时间整什么穿丝袜？这和前段时间指🐭为🦆有一拼😏,0
有问题嘛？立场是不是劝双方谈，这里面有双方嘛？还有我说句难听的，这种活动，要是真能有成果，轮得到沙特嘛？😌,0
我同事男的，百家姓排前三，她媳妇稀有姓，他说孩子不可能随媳妇姓🤔，她媳妇挣得比他多,0
你们需要的励志片😏,0
三四十年了早过保质期了🍉,0
这边建议割法官让他试试😉,1
电话里头特种困难必须给钱😊,0
现在能够招聘进金融业的基本上都是有关系的😢,0
睡不好啊，皮肤干燥，救救我的脸🥺🥺,0
当年郑州720我在火车上，如今北京暴雨我还在火车上😢,0
真是出生啊，赶紧拘留进去罚钱赔钱😠出生东西！😠😠😠,0
反正买不到🤗,1
情以何堪😏😏,0
捐临期产品，又能获得社会名誉，又能清除库存😛😛😛,0
老蛆们今天不跳广场舞来给骨灰盒拍遗照，你们人类怎么就不能包容一下😠,1
什么妖魔鬼怪都来蹭😊,1
所以，他是才知道“所以这就是战争，而不是电脑游戏，”吗？😌,1
华晨宇的火星演唱会❤,0
我就以为是古龙峡了😏,0
畜生啊，这么小都下得了手😢,0
大哥，印尼，印度尼西亚😏,0
你们都不做，我做呀🐱🐱,0
不是，百度一下很麻烦？😏,1
这烟，看起来像烟花爆竹之类的玩意炸了，不会又是瞎堆放吧🤔,0
那请让他的监护人负责😊,1
让列车员帮忙联系把行李放在下一站或目的站，自己坐下趟车刚到取🤨,0
有些人又急了😉不知道的还以为你是犯罪嫌疑人呢,1
为什么干到死啊😂你在说什么啊,0
不开更节能😂开个玩笑哈,0
又怕热😌,0
你这话说的就很没脑子😌😌😌动物都是人养的！救了动物不就等于救人吗？再说了！动物也是命啊！难道不该救吗？？？,1
没收财产，上缴，判刑，👍,1
运到沙漠里给新种的梭梭树浇浇水，那才是大功德，自己积了德，国家添了绿，双赢啊😏,1
未成年保护法什么时候能改改😷😷,0
成都的小吃真的太好吃了😋,0
三无产品和不合格产品怎么通过审查上市的，他们就是怎么通过平台审核的😏,0
都不让人说话啊😆,1
直接出兵吧😄,1
小时候记得一篇课文说梦见自己在飞，是在长身体，我被骗了好多年😂因为没有高过，但一直在飞,0
换做我是景区饭店经营者或者半山腰小卖铺经营者，我也不希望提供水泡面，不然谁饿了来我这消费，是不是，利益相关方😏,1
要是大热天的就等着烤熟吧！！！🤭🤭🤭,0
你以为他们不想去北京，是北京的高度他们够不到😌,1
"""作家""葉三還不去游泳？🤔",1
啊呦，我去😌😌😌,1
已经私信发给网警了😏,0
他妈是不是爱上他儿子了，哦呦呦呦！啧啧啧！😛这是病！,0
真棒👍,0
印度尼西亚😏,0
诺基亚表示无所畏惧😏,0
所以就有这种畸形的要求😏,0
中国睡眠研究会还招人吗？我可以当研究对象😏,0
朋友同学在门头沟😌，卧床老妈在房山😢,0
想打一堆脏话🤬艹,0
一旦摊事谁是你朋友👋,1
LGBT不就是灭绝人口计划吗？😂😂😂,0
这边自己国家暴雨灾害，那边跑去别国捐巨款，能有群众缘就怪了🙀,0
猪狗大旗永不倒😏,0
这是假新闻😛,0
我妈只会跟别的女人哭诉😊,0
细说违纪😏,1
蔡签😏,0
监控能看到苍蝇？😱,0
是不是快退役了🥺,0
真的是，每天跟一帮拉着小车的老头老太太挤公交真的要命，每一站上下车都特别长时间😢背着笔记本特别沉还没地方坐,0
可爱🤓,0
打工是不可能的，😏,0
美国干嘛要让乌克兰冲在前面😌,0
妈呀，堕胎，恋情都是真的😵,0
我都去吃过😛😛😛😛,0
说实话越这样越不想坐😊,0
消防员好样的👍👍👍,0
都被欺负几十年了😌,0
老美可以用童工🤮,0
不过这个是真的，我过年的时候从广东开车到东北，一路上的所有服务区都是女厕所排很久，男的人不多，没办法，希望多搞点女厕所吧😌,0
意念回复😂😂😂,0
我一直以为变红色是因为我加的是红糖而不是冰糖才熬成这样😂,0
不是一夜情yp吗？怎么说成谈恋爱了？打胎是真的，还有他妈妈的事也没说，粉丝真好骗🍉,1
双休都没有😋,0
不说说车主是谁吗？这瓜不熟吗？😈😈😈,0
希望北京也可以“组装”大飞机，万吨大驱和航母👍,0
真棒👍,0
收了钱的安全，反正他们离得远得很～🍉,0
是不是因为知道上网曝光也会打码😏🤗,0
谁来做工作都没用😏,1
看来是想要儿子👋,0
不久之后产量会上来的🤔,0
感觉你有点急😆,1
狗屁，巴黎的起义传统才是跨不过去的坎😛,0
非洲都比国内好😌,1
手里揣着钱才是硬道理😂,0
记得一阳的时候，七天不拉屎，我心想这肛门要它何用啊，😌,1
如果是我的话，我还是愿意织个裤衩😏,0
大家都不敢说了吗😏,1
这也太没底气了，蛙蛙看到岂不是会伤心😏你直接说口头支持好了,0
那就不奇怪了🤗,1
万幸，我小时候玩火柴点燃了家里的草垛，然后若无其事的进屋里坐着安静的听大人闲聊，然后外面大呼小叫，我从容的溜到一旁看大人们灭火，😂,1
管的真宽😏,0
一对更年期😏,0
怎么报名😏,1
这个视频看一次吐一次😓,1
我去过一次云南旅游，真是太乱了，与仙境般的自然风光反差太大😢,0
结果失败了🐱🐱🐱,0
可惜🍉,1
而且报警的很容易自己反噬断捞金路😏,0
这位网友！请注意你的言辞，虽然你说的很对😁！,0
你开心就好🥱,1
幸好火车停住了😌有几条命敢这么玩儿啊,0
因××部门不想被说成双标😌,0
辅警杀人👍,0
同学，学医吧！这样才能更好的实现你的诺言，😏❤,0
怎么办，老板怒赚850，好气😢,1
中午吃的麻辣烫😻,0
被其他人点赞时不要通知我😏😏😏,0
一波未平一波又起，“杜苏芮”刚走“卡努”又来了🌧🌧,0
奔驰都能进故宫🤓,1
你难道不知道图们江经常漂很多东西，捞起来就行了😏,1
哇哦，期待,0
对人的话，不知者无罪就不行！对动物的话，不知者无罪或者轻罚，我觉得合适😊,0
有些是钻政策空子，比如外来务工子女，在西安交了社保，就必须可以在西安参加中高考呀😏,1
耳朵进水倒不出来的感JIO尤其蓝瘦😌,0
警察叔叔好忙😏,1
日本：我除了见你整天抗议也没啥实际行动，就排就排😏,1
进她微博搜常德两个字😂,0
但是这份心劲还是值得👍❤,0
馅饼，陷阱？世界各地的富豪会蜂拥而入吗？进入口袋的中国富豪会如“硅谷银行”一样被昂撒-犹大人再次特定收割干净吗🤔️,0
铁岭，腐败得很😛,0
西安应得的🐰,1
没啥新东西🍉,0
那就冬天穿短袖😏,1
受害者有罪论是吧🙀,0
弹着弹着把正常的休息就弹没了😄,0
成年人我全都喜欢😉😚🌹,0
笑死，男宝妈难道不是大龄小仙女？😏,0
咱们能不能不造谣不传谣😢😢这个吧,0
简中有钱有权就是无法无天🍉,1
不劳你费心了，哥在国内的饮食非常健康 ，不像你们穷屌丝，喜欢喝核废水,1
缴多点，我们也买一辆过来收参观门票钱😏,0
很神奇😂,1
首先就二拳打断你翅膀，🤗🤗,0
但愿不要再出那样的事故🙏🙏🙏,0
都热😌,0
祝贺,0
搞得谢彬下棋好不容吃一次鸡都不能放歌了😏,0
我没机会了😌😒,0
你不是曾经是早报么？来这么晚啊😂😂😂炒作业都赶不上热乎的,0
精神病，满大街溜达✊,0
早知今日，何必当初？钱贪多少才叫钱，官升多大才叫官？😱,0
没，热鼠😷,0
最热的时间已经过去了，没多久就立秋了，现在开始讨论“缺电”了？什么鬼🤔️🤔️🤔️,1
连动在生日上对三小只还是很不错的👍,0
我真的从小就不吃各种菌类除了金针菇，所以以前小时候每次看新闻说谁吃野生菌菇中毒，我就知道这个事情绝对不会发生在我身上😂,0
哈哈哈😄一家子一顶伞😂😂,0
是高估😂,0
所以啊，离了还不行，🫢,0
这这工作的气我是受够了😠,0
自己的孩子老婆在别人手里😏,0
老百姓喜欢过穷苦日子，不喜欢消费😛,1
神经😵,0
学校的话已经证明了很多东西，🤗【北京政法职业学院工作人员对此表示，网传视频并非校园霸凌，“片面的说法不足为证的，他说的那些东西他有啥证据，你要真认认真真把那整个看过来，他是截的，他把所有对他不利的全部都截掉了，”】学校态度很明确了,1
逝者安息吧😢，有些人就不要随意揣测了,0
睡觉😂,0
沈阳还好点，滴滴暂时没发现问题😌,0
评论区明显没有北大校友，😂,1
还做的挺好😏,0
还有一亿件更脏的事你不拍😌,0
这种新闻发的，来搞笑的吗？死了三个小孩，还道歉😢，轻重不分,0
像你这种想法蛮可悲的，明明整治彩礼是好事，你还不服气啊，婚姻可不是随便结哟，不结婚，自己花钱不香吗，哈哈哈😄,0
加油,0
这地铁公司的回应是不是有点问题呀😒😠,0
早安😮,0
就你这种人多了社会风气就这样😄,1
活该被当畜生养😌,0
喜娜趣事多😠,1
澎湃新闻😏😏,0
非常难过，非常非常难过，这些鲜花一样的女孩子们🕯🕯,0
我们的准备是针对老美的，如果老美不敢上，总不能白准备了不是😏,1
冠希：修电脑时更要注意！🐱,0
我家楼下😢,0
看评论说是吸了电子烟😠😠,0
不看事实了是吧🤗,1
那可不，法律都不严惩的鸡毛蒜皮小事你非要上纲上线，你怎么不去告她呢😢是不想嘛？😂还男生会原谅呢，小肚鸡肠又偏偏假装大度，兄弟，骗骗女生就得了，别把自己骗了,1
完全看不出来你哪句话有问题🙄,0
要平安啊😞,0
这种不要脸的没啥顾忌，是不是因为知道上网曝光也会打码😏🤗,0
这小兔崽子肯定要来尿😂😂😂,0
填了也不去读🤮,0
其实有一段不对，正是因为这帮鸟国想省国防成本才加入的北约😂,0
谢谢关心，工作原因刚刚到家，庆幸的是刚走进家门就下起了暴雨✌,0
江西赞同😋,0
上去就是一脚😏,0
公知恨国党精神美国人在哪里🍉🍉🍉,1
我也想问😂😂,0
有些人什么想法心态啊😊,1
不信啊家人们😢😢😢,1
去啥非洲😏,0
你宝贝儿子那40公分的腿有啥可拍的😏😏,0
出事了不算学校的🤔️看来收了很多钱,1
元打发其走人”😏诡计多端的瓢虫,0
凭什么叫后妈😱又不是她生的，不能叫阿姨吗,1
表示自己都没体验过😌,0
虽然知道那是做梦😠,0
我没看IP，盲猜上海结果果然是😌,0
我给好友点了赞的内容，被其他人点赞时不要通知我😏😏😏,0
节约开支😂😂😂😂😂😂,0
真牛，什么都做成生意，除了媚上用的是真心，其他能教出什么样人哟😢,0
你猜它为啥价格低😊,1
我把你杀了，然后说你身体不合格，你扛不住杀是吧🤮,1
小妹妹真可爱😄,0
素质不够你就是10m一个垃圾桶也会有人把汤倒山上，随手倒一下可比走10m再倒轻松啊😏，要么就罚，再罚也没用，因为污染已经发生了,1
最后直接提前招生大专都没参加高考😂怎么回事孩子自己心里有数,1
此刻现在座我对面两个小朋友在吃饼🥰🥰🥰长沙地铁6号线,1
无甚卵用😂,1
很多时候，3个站着的人标识旁边又是卫生间，所以我好懵😂,1
挺好的，总得治一头😌😌😌,0
要什么道歉啊🤔️,0
不止365天🌹🌹,0
从小熊到老🐰🐰🐰,1
望周知🤗👋,0
大概率就是微商😏,0
懂了，和c女士有过关系是真的，堕胎也是真的但是不是强制性😌,0
又北往南发展了😌,0
劳动法先落实了再说话🤓天天画饼，不会吃噎着？🤓,0
不是每个坐牢的人都人性泯灭，比如有的是防卫过失杀人，或者之前有个辱母案，母亲被侮辱，作为儿子在现场怎么能忍受，过去对对方捅刀也不是完全不能理解，这样的人进监狱，良心依然还在，因为他本来就不是坏人，事出有因才犯法的！所以不是所有被判刑坐牢的人都是蛇蝎心肠，也有好人😌,0
应该30岁了😏,0
而且上级部门，严查各个学校假期补课，尤其是公办学校，铁一系中学光明正大补，上级就是为了把其他学校打垮，给河南考生铺路的吧，🐱,1
你怎么知道会不会翻转😓,1
真是方便快捷的规定🙀,0
我还说这在前面带路跑的人也没干什么蠢事啊😂,0
简直没脑子😛😛😛😛😛😛,1
有钱人给点赞🤙,0
只打雷没下雨😂,0
收费28888😠,0
能不能分点羊肉看羊主人了，可是羊应该是没有买保险的😌,0
如果不破坏怎么会几百年难遇😏,0
为罗平拆除九龙瀑布景区围挡点赞👍,0
超越了全世界😂,1
这么恶劣的事情热度这么低🧎在头条看到的是小男孩母亲有精神问题，父亲是文盲，小孩现在已经出现精神问题了，这个和解很有可能是被逼的,0
生日快乐🍰，和如意丁丁一天生日呢！,0
二十万是真不多😌,0
今年制造业惨淡😂，还有几个电要用😌？再这样下去，实体资金都要撤出了,1
最近全网都是高铁抬腿吗😌,0
群狼环伺，艰难求生👍,1
黑龙口热豆腐🐱,0
没得报可以不报😏😏😏,0
上一位报警的朋友怎么样了😏,1
孩子只是意外😛,0
堤防棒子再偷西瓜偷四川泡菜😁😁,1
进缅东北、迪拜的电诈园区后可以轻松再破记录😏,1
确实是一种新型病毒——“绿帽子病毒”病毒表示这锅我不背😡,0
比较好奇怎样落实？公务员，国企，事业单位还好说，毕竟自己人😏,1
反过来就进局子了吧😏,1
就是嘎嘎上大分😏,0
快递😖,0
我只接受五块钱以下😏,0
大字型😌,0
应该是自杀😏,0
你看到也就越来越多😏,0
争点气去日本吧😼,1
别当井底之蛙😊,1
有那么小短的避孕套？视频中声音那位看来还很单纯😂😂😂,1
有志者事竟成😚🌹[咖啡],0
宁波真可怕😢,0
北方人想知道菌子是山上摘的还是菜市场买的😏菜市场卖的话有毒的分不出来吗,0
婆罗门内战，达利特就不要操心了🤗,1
官媒就这样拿我视频吗😛,0
可以考虑下下😂,0
你这人说话有意思👍，学了易经的？,0
苍蝇:不好意思，我先尝了🍉,0
M女S男的破事还没结束啊😏，笑死,1
看原件能理解，放在那离职才给理解不了🤔️,0
正能量👍👍,0
好嘛这家人阴间的阳间的都抬不起头了😌😌😌,1
望平安🙏,0
武林外传🤙,0
关你屁事😊sb,1
三阳😷,0
这才是真行业冥灯😏,0
搞不懂她放店里做个球🍉🍉,0
想起《老友记》莫妮卡那个科技富豪男友进击自由搏斗圈那集😂,0
发的非常草率😌,0
没收，🤙,1
猥琐男的福报😵真的一点法律意识都没有吗，服了,0
就截图拨打12339举报，😆,0
就不能像鹿晗一样堂堂正正光明正大的谈恋爱吗，非要步吴某人的尘😌,0
这个道理你不懂吗😓我现在真明白了网民的造谣能力了,0
鲜活的生命就这样断送在学校里了，搁谁不心疼，当父母谁又能想到上个学却再也见不到自己的孩子😢😢😢泡沫工程，必严查,0
我羡慕了😂😂,0
太正常不过了😁,0
新生双胞胎宝贝健健康康长大❤❤❤,0
不如状告王某某消费欺诈😏,0
当逛菜市场？😱,1
广州为什么没雨😡,0
小仙女😓,1
抛开一切，难道男的就没有错吗？😏,0
这个忠告的背后可能就是一个惨痛的教训😏,1
你走出大山就为了坐爱心座位🥺🥺🥺,0
某些人也能破防😱,0
还好烧的是自己家🤔没给其他人造成伤害,1
应该发起拯救大兵瑞恩的行动，😏😏😏,1
丢尽湖南人的脸😂,0
用来监控工人有没有偷偷休息吧😏,1
那个小火车就是到站了，可能很多人没去过不清楚，这个小火车就是单纯的供游客观光的哈，不像普通火车会影响交通，ps，外出游玩做个有素质的游客，不影响他人和自己的安全有序出行🤔,0
帮助了这么多人👍👍👍,0
只生一个好，政府来养老😁,1
其他能教出什么样人哟😢,0
谁还不是个博士啊😂,0
理想是美好的😛,0
这美院客座教授😱桁架,0
eva，你现在到我办公室来一下😛,0
装聋作哑的人一点事没有，起诉的，声明的最后都锤实了😌,0
看配料表，想要稠的可以加淀粉😌,0
怀疑偷拍是因为母亲安全感缺乏😏,0
微信群真的烦死了😏,0
奶爸棒棒哒🥰辛苦啦,0
太厉害了😮,0
中国的小吃美食真得很丰富❤,0
国外吸毒嫖娼合法你也吸呗😛,1
呵呵，😏,1
性别一换就是女王行为了，😛😛😛,1
够你吹牛吹一辈子啦😂😂,0
这鱼钓的时间有点长啊😂,0
确实，还有十元一杯的兑水可乐😏,1
70岁行政拘留无效，75岁能减轻甚至是免除刑事责任，要知道刑事责任一般都是出现人伤事件才是刑事责任😏,0
还是去河边放生矿泉水比较有意思😌,1
未满十四周岁不予追究🤮到底是在保护谁啊有哪个好孩子得到什么保护了嘛😖,1
川菜赛高,0
想要稠的可以加淀粉😌,0
爆假瓜，然后否定全盘？🤔,0
夫妻才是真爱，孩子只是意外😛,0
因噎废食😆,1
这么多选好友删除提醒？我喜欢默默删除😌,0
等于说他没有机会回归内娱了是吧？？？？😢😢😢😢😢😢😢😢,0
每看一次这个新闻就心痛一次😢,0
我儿子拍的都比他好看🍉,1
老仙女😛,1
还被追究责任？👍👍👍👍👍👍,0
彩礼应该和当地新生儿性别比例挂钩，男孩多彩礼就贵，不服你生女儿啊或者让男孩入赘😏,1
妈妈对女儿的爱没有假😢,0
欺负你的永远是同bao😠,0
不敢，只敢管比自己弱的😂敢霸气制止大人吵闹吗？,1
他们没急了你先急了😓,1
中国有钱人还是很多的🍉,0
乘客逃生你为什么还要强调下性别和年龄😱,0
你这个投票😓,0
这样的不跑留着过年嘛？😛😛😛😛,0
还不能喝一口？😱😱😱,0
一切合理了起来😛,1
顶你上去😍,0
我也没钱买房啊关键是😂,1
我意思是他说地上躺的不止两个，至于去世了几个，不予置评，伤者一共八位😓,0
上班赚钱是必要的，所以每次都被排除在外😁,1
我去，🤔️,0
烦死他们了🤮,0
抑郁症😡,0
变态畜生统统慢行病痛折磨惨死😠😠😠,0
期待🙏,0
它还偏要闻起来很香🐱吃起来特别香,0
还有啥没上税的你说说😂,1
床上自由翻滚🤭,0
对啊，朱元璋都说了“为何不告官呢？”😛,1
工资也还是那个😏,0
笑死了，说一句就被拉黑了😆,0
记得20年前在湖北上厕所被收费过，大的小的价格还不一样，过了20年还收费呢，😌,0
动物朋友心酸了，有人的朋友遍布天下😆,1
说了，没有用的可以捐掉🥰,1
他也没犯法啊😏,0
说得好像是国家让你去的样子，你现在没正当理由去缅甸会被海关劝返😆,1
跳高运动员狂喜😛,1
你要笑死我了😂,0
真的是😖我家小区前阵子有人大太阳底下遛狗，隔天就说狗子的脚烫伤起泡了，马上送去医院😊,0
都快成黑社会了还这谈无罪呢😌👎,0
他们想在哪拍就把哪里拦上🍉,0
哦，谢谢你告诉我这变态还活得好好的呢🤮,1
佩服佩服👍,0
就放那不行么？修个高架从他们头上走😏,0
领导拍脑袋为难死基层了😂,1
视频是我家小区附近，坐标门头沟永定镇苛罗坨，小区快沦陷了，旁边的护坡塌方了😌,0
钉住或者焊住才行😛😛,0
都是我想要❤,0
广州这边暂时先等等😌😌😌,0
佩服佩服🙏🙏,0
真正的见义勇为👍👍真正的英雄88,0
你跟他们说保护😱,0
当评论区出现别扯性别的评论时，😉,1
这就是老张薇😁,0
直接上脚踩哦😊,1
真的只有300多人吗😁数据放出来,1
还有这种好事🤔️,1
这钱肯定是景区出的😌,0
什么事都和稀泥🍉,1
生煎韭菜😏,1
必须这样自保🙇😏,1
净剩200个w可以考虑考虑😏,1
我们学校比我小一届有个人常年年级前十，最后直接提前招生大专都没参加高考😂怎么回事孩子自己心里有数,1
赶紧回去吃药吧😠,0
我还以为是让小三过去😌,1
盐焗鸡🤗🤗🤗,0
早上差点游着出去😌,0
我一看菌中毒我就想到了云南😌😌😌,0
我结婚的时候我妈带头要红包要喜糖（关键那些人我都不认识）😌是舅舅帮忙把我妈和那些人打发走了,0
他爸还是那么爱写诗😌😌,0
那些纷纷躲闪的人应该加入一起去制度歹徒👍,0
川大校训😏,1
为何要互相伤害啊😢,0
就是碰巧了罢了，指望牢里的犯罪分子伸张正义，想多了😓,0
茅台6瓶😌😌,0
吃火锅的时候就不记得热这件事了😌,0
实体店利润非常大，进货三四十的衣服卖你二三百都是小意思🍉,0
支持维护自身权利👍👍👍,0
弹笔那个我们当年同桌俩人硬塞一两个弹簧在里面比谁跳更高😌,0
不孕不育门诊这么多排队，人家都希望有个宝宝疼啊，投胎到这畜生家😢,0
这孩子怎么才能养出来😂😂😂,1
你们老总最爱😏,0
一定是占这样便宜多了🤔,0
女的先骂人，被打纯活该🤭,0
我中午在吃瓜🍉,0
支持👍,0
单免问题不大😏,0
哎，我吃药去了😵你那份用不用帮你拿到病床来？😂,0
果葡糖浆也研究一下，老美很多年前自测说这是肥胖症的主要原因，代谢不掉~🤭,1
你是懂的😆,1
自救指南还是有必要收下😌,0
不能说大实话😁,0
我意思是远远不止四五千😂确实评论区不懂一个市委书记是什么概念，我记得之前采访过一个县委书记,0
优秀的女孩👍加油,0
别买期房，别买期房，别买期房，真想捶死当时买房时的自己😢,0
比照唐山烧烤店事件处理就好了😆,0
看咱们的熊猫了吗😂,0
是谁疯了😱😱,0
想想就刺激😉,0
逝者为大，尊重逝者，希望网络喷子嘴下留情😢,0
我可以不告诉你😏😏😏,0
对哦🐱,0
激将法😱,1
反正你双标😊,1
有茶但是没奶😌，贵一点的会放一些奶😌,0
顶一顶吧😢刚被霸凌就报案了，事件拖了半个月没有处理，舆论压力开始增加，曝光度越开越高后，立马就给办了，但最后的结果还是被迫和解😢😢😢,0
而内地一针难求😢,0
知道不会动武所以才敢随便发言吧，你开心就好🥱,1
看得见的扫桌子，看不见的还能扫别的地方😷,0
不得了了😒,1
促进消费，没钱怎么消费🤔,1
还要怎么涨🤓,0
长隆3胞胎过完生日又到飞云😁😁👏👏,0
愿平安🤝,0
这些调查一般没有后续😷,0
只有当母亲后才懂母亲的伟大🍃,0
想来就来，想走就走😛,0
必须加强人民治安管理😏什么人呐,1
典中典😁～,0
这种感觉很难受，每次睡觉时出现这种情况我就睡的很难受，就开始变得暴躁😵,0
混凝土粘，真有脑子👍🤔,0
好大的雨啊😱,0
还是拿到密码了了😂,0
是把自己当机动车吗😂,1
他妈还一起上诉😓，你儿子精神虐待把人逼死了🤗,1
也不报道重要比赛！😓😓😓😓😓😓😓😓,0
kpl比赛都整天出问题，选手赛后采访说断触的都有，真的可以拿上国际舞台吗🤔️,0
央视都下架了，还造谣？倔强的鸡儿😌😌,1
终于听到一个客观声音，没有直接归咎于珍珠岩！网络喷子太多了，可怕😖,0
然后5G也达不到宣传效果🐶,0
早安,0
花一样的年龄😢😢😢,0
通过文章描述情景，大概率不是触电身亡，🤔,0
这不还是忽悠北方人的😛,0
畜生😠,0
想打一堆脏话🤬艹！,0
不知道哪个伟人说过：没有无缘无故的爱，也没有无缘无故的恨！😂,0
祥瑞❤哈哈哈哈哈哈,0
杨紫非常好❤❤❤,0
借我玩😏,0
但凡你抬头看看天也不至于说出这种话😂,1
看看这几年蔬菜水果涨成什么样了🍉,0
我的5和6加起来就是11😛,0
终于找到了🙀整个生产线都停了,1
你比他们专业😓,1
不要给领导舔麻烦🤔🤔,0
祝我最爱的大美熊生日快乐🎁🎂🎊🎈,0
明年川普上来又给退了就好玩了😌,0
停工停产😏,0
五月天🤭马上要看林俊杰的了,0
现在这俩二胎都上小学了😂😂,0
热的情绪很平稳😏,0
治得了你🍉,0
直接突突了😌,0
要500穷疯了🤔食品法规定所付款三倍到十倍赔偿，你要是走法律那才会增加赔偿不低于1000,0
转发周知！🎤【：暴雨避险自救31个细节】,0
学士服就是教父穿的衣服演变成的吧，学西方可以，别背叛祖宗啊🤔,0
是不是又要吹空调外机了🧎,1
哭得心都碎了😢,0
毕竟谁都觉得自己是最好的😓,0
有病忘吃药了吧，赶紧回去吃药吧😠,0
牛屎龟甘大只既男孩🤔,0
一个星期100块钱电费😌,0
医院悬壶济世救死扶伤，挽救众生，是观音如来佛送子菩萨都会保佑的圣洁之地！当事人她信口胡说医院风水不好，当心被雷叉出去😏,1
还没有看😖,0
你丢尽湖南人的脸😂,1
看不见的还能扫别的地方😷,0
点赞国产大飞机，以后买票要专挑919的机型来坐👏,0
竖中指无罪👍依法治国👏,1
跳楼的人不值得同情，自己想死还要拉个垫背的，伤及无辜，太可恶了🤗,0
所以最后是谁担责谁赔偿呢？别告诉我是全体纳税人🤗,1
气质这块已经很接近了😁😂✊,0
是我救别人还是别人救我😌,0
因为努力没用😊,1
羊羊也加油，愿人们平安🙏,0
不是蛮好的，🍉,0
结果给我喝醉了😌,0
那就自己给自己放假呗😛,0
现在年龄比扎克伯格大那么多😌😂,0
散了散了，都说了将“严格”管理起来了，“不严格”自然可以撒欢了🤔,1
中国队就能冲出亚洲了😌😌😌😌😌,0
那你岂不是犯啥都可以从轻？😞,1
朋朋友友地😏,0
那真是滑天下之大稽！😆,1
这就是我们的牧民👍👍👍,0
人多命不值钱，但如果是财物论💰算的就，😛,1
不讲道德你能咋滴😏,1
平安喜乐😄😄,0
不知道这种怎么惩罚，不要关几天就出来了，😢,0
每次清华北大都没那么隆重过🍉🍉🍉,0
大爷不错👍,0
跟烈士陵园在一块不是莫大的荣耀吗😱,1
也没说诗歌除外啊😂,0
我喜欢🤗🤓😍,1
暖心❤,0
为什么香港供大于求，而内地一针难求😢,0
买的少，骂；买的多，也骂，和是不是低价团没啥关系，就是导游的个人素质，🍉,0
换成我也开心呐😮,0
真正的见义勇为👍👍真正的英雄88，不问得失心有大义，佩服佩服🙏🙏,0
平安🙏,0
呵呵🤔,1
他是因为作业多才这么干的😓,0
没有😮,0
第二点我也想到了，18个进入测评名单，录取6个，有一个退档，其他12个人都没合格的吗，感觉不正常😖,1
傍晚的时候下雨了今天晚上超级凉快,0
我也忘了😌,0
提前批只准报一个学校，他没报其他学校，工作人员有失误，除了空高兴一场，没有实际损失😏,1
离谱，还真有眼泪？😌,1
塔利班也会煮腊八粥？😌,0
精美精日公知😊,0
自罚三杯了，你们还想怎样？😏,1
房产兴邦，白酒强国😏,1
干得漂亮👍👍👍，外国人就是能干又聪明😌,0
没人不让你去😂,1
吃冷饮家里摄像头还对着床是吧😏,1
都理解的，🍉,0
这两天花了多少钱公关🧎🧎,0
15年不是破了嚒🤨5000点直泄到2000点,0
怎么没有😊高中有个三模第一，高考五百六😊,1
有些人从小就没父母吧😂,1
建议你别干了，给国家添乱😊，干新闻的人不认识性别真是天大的笑话,1
不是否认了吗？😏😏,1
电能永远都不会是新能源😌,0
看着都🤮,0
回复，鸡肉已经很便宜了，也许在我们食堂吃的以为是鸡肉的料理也是鸭子🥹,1
能不能帮忙跟进一下，孩子怎么样了到底，好着急啊😢😢😢😢😢😢😢😢,0
用空调插座按温度开空调，平均每次1个钟吧😏😏😏,1
吃猪蹄就挺好的🍉🍉,0
你就少在这挑拨离间😊,1
太棒了👏👏👏,0
然后过几天来个官宣？😊,1
前程似锦，继续加油😄,0
时刻不忘把摄像头对着自己正脸😌,1
这是什么医学奇迹😌,0
可有时候仍然难打到车🧎,0
我想如果家长诚恳道歉譬如说“对不起啊我家小孩就是很皮手到处乱摸逮什么摸什么，我会好好说他的，实在抱歉”我想谁也不会跟一个孩子计较，同时父母也会给孩子带去正确的引导，但是视频里这种父母的说辞就是在告诉孩子“随便摸，她以为自己是香饽饽吗”孩子以后大了也许真的会变成流氓🤮,1
实践出真知🍉,0
结婚率和生育率低是因为中国人越来越富了与房价没有任何关系🤔🤔🤔,1
辛苦了！注意安全❤,0
处理到人😏,0
宝贝生日快乐熊生顺遂😮,0
能不能加一条法律，遇到这种情况，女乘客必须克制，但乘务员可以大嘴巴扇那个男的而且不需要承担法律责任😌😌😏😏,1
这个新闻里的事情政府是支持的🍉,0
难过，愿福建同胞平安，加油💪💪💪,0
(⊙o⊙)哇，我还是966😓😓😓,1
老涂👍,1
这么多疯子呢🐱🐱🐱,0
何人信汝此言?😄,0
谢谢你告诉我这变态还活得好好的呢🤮,1
下雨重量加重😂,0
多少赌狗😓,0
所以说啊江西鸭脖那是有些人上纲上线的太过分了🤔🤔🤔导致现在草木皆兵,1
这么容易中暑你坐什么地铁啊别出门😢,1
确实是道德问题！一次性的是违法，长期的就是道德问题！😂这无处安放的魅力，反正倒找钱都往当头的身上贴！🤗当头的太不容易了，😢怎么一个个的都那么不懂事呢,1
全中了😌,0
不良艺人应该封杀😏,0
金😏,1
不过不影响预防性维权😂,0
请关闭蔡某超话谢谢🙏,0
我真的好想吃螺蛳粉啊😢😢😢,0
还是火锅配冰粉好😁😋,0
卧床老妈在房山😢,0
是不是最近新闻看多了😏想太多了,0
防范意识过度又怎么样？影响到谁了？你吗？对不起，我们没有很高的试错成本😊,1
现在有闲钱不如多买点金条，🤗,0
你还要怎样😏😏😏😏😏😏,1
编制希望永远都可以保证🤗,0
靠嘴怎么禁止😂,0
好人做壞一件事就是十惡不赦，壞人只要表現出一點點後悔，就™️立地成佛了😵😵😵,0
教练:别管哪个学校学霸，在我这都没练趴😏左右分不清吗，看点路,1
当然没有关系😌跟城镇化有关系,0
不薅你羊毛，去哪薅？反正得薅😠😠😠轮着来哎,0
属于提前毕业了🙀,1
进个学校还给黄牛钱干嘛😛学校有什么非看不可的,1
是在侮辱抗战英烈更是在侮辱PLA，🤗,0
恨国党反贼们别急，马上就放章家敦儿出来崩溃一下给你们看😂,1
经济形式一片大好，稳中有升，去啥非洲😏,0
小新同学的体重还没达标！😏😏,0
北约：别看我，我的实验室只管制造病毒😏,1
一堆二鬼子，挡不住的😌，同理，国内也一堆二鬼子，真有事，他们绝对出来搞事情,1
这么骚气🙇还喜欢丝袜,0
我老我有理😏😛,1
并不属于商场啊😂,0
韩剧残忍事件都是写实的吧🙀,0
粉上衣一穿不怪也妖😌,1
愿天堂没有排球训练和比赛，🕯🕯🕯孩子们，教练，一路走好🕯🕯🕯,0
你咋知道？病友😁,1
一生的目标就是读书😌,1
一码归一码🤔🤔🤔不能用一个问题去解释另一个问题不存在,1
很暖心😖😖😖,0
回复，你要不看看你在说什么，能不能学好语文再来上网啊🙀,0
亲生的无疑😂,0
那一半的菜系，被你吃干抹净了？？😌😌😌,0
做个人吧，关心一下真正的民生问题😛😛,0
国内现在飞机上也开始流行高铁文化了嘛，🤮,0
从来不点外卖，商家可能把同样的饭菜，别人吃不完的与点的外卖混在一起，分量多了，你下次还会光顾，😓😓😓,0
脱离群众太久了👊👊👊,1
几公里甚至几十公里的摆渡车太多了，有关部门必须刹住这种变相宰客手段👎,0
有没有可能黄牛的票并不是抢的，而是高价买的，再加价卖出去，😏,1
之前广州男司机那事才多久啊，这又来😵,0
中国武术加油👍,0
这不得好好宣传一下，中奖率高达30%，🤙🤙🤙,0
所以精神病免责，😒,0
想要孩子可以精库买 不快乐吗,0
早安😽,0
你可以问😏😏😏,0
这案件这么受关注，还能判成这样，背后运作了多少啊🍉,1
产假期间还双倍工资😏,0
大毛：东方大国不在禁止之列😏,0
反复横跳🍉,0
回复，中年人🤨,0
周末愉快，早上好🍃,0
就想问问你们是怎么浇水的？😛😛😛,0
这还需要讨论吗😂,1
那也不可以直接就转吧😂而且是完全不相干的专业😌,0
赶紧拘留进去罚钱赔钱😠出生东西,0
旧闻了别搬了🥺,0
祸害了几十家庭😢😢😢,0
不能处理情侣关系😏,1
所以现在不看案件就可以瞎评论了么😏😏,1
我就知道我家哥哥是清白的😢,0
可能是怕矿泉水瓶子里装的别的什么液体🤔,1
怎么开进去的😌,0
凡凡当时也这样操作的😏，现在不也一样缝纫机都蹬的冒烟了😏,1
那你怎么知道有截掉不利的视频😏,0
继续抛售美债😊,0
老畜生🤮,0
气死我了，看着我几个月的小宝宝在我边上香香地睡着，再看这个小宝宝怎么这么可怜！她还不会说话呀！婴儿那么软那么嫩！她得多害怕呀！😢😢,0
18年山竹，深圳挂双红都还得上班😌那会还没居家办公的概念😛,0
都不是一会事🤔,1
发在群里的信息可以随时撤回😏,1
这也能扯上🤔️果然三十万里没有你我是第一个不接受😆😆,1
敬畏自然🕯🕯🕯,0
在等统一台海吧😏,0
这就是为什么这么多人想挤进国企，因为你就算有小三四五六七，公司都会保你😏,0
我决定卸载微博了，天天看到我不认识的垃圾，为社会创造几乎为零，却天天买热搜，我还不能屏蔽，我吐了😌😌😌,0
他们是传销！😂我们做旅游和他们做购物团是不一样的,0
阿弥陀佛🙏是退休金太多了，还是受了某些影响？,1
还在加班中😂,0
他们才不管你儿子呢，你以为这些人是在为你儿子鸣不平？🍉,0
刚看了个新闻，教练让他们赛前别吃，因为辣，会拉肚子影响成绩，赛后再吃，😛😛😛,0
有不涉黄的按摩店吗？😂😂,1
真遭罪啊💔,0
看了两遍还是没看懂😌,0
终于凑了这么个说法😁,0
汛期来啦，大家要注意安全！感谢那些为我们负重前行的勇士！你们是真正的超人！👍👍👍👍👍👍,0
还是别出门了😛😛😛,1
那个幼儿园才招了6个人😂,0
那几个穿女装闯浴室偷拍的你要不要一起洗一洗😂,0
这都二刷了😂,0
我去捡😂,0
是她杀吧🤗,0
其实挺没用的！人家乐死，早点收摊回家！你买旁边家的东西，包圆了，每个来他摊位买泡面的，你就送一份给别人，不好吗？😏,1
你还是没有用脑袋管住嘴🍉,1
主要是来公费旅游，顺便打个比赛，😌😌😌,0
也有好人😌,0
痴情种给女主播打赏😆,0
跟这件事有什么关系吗？这里没有人说农民工蹲下做错了吧？女生看不清拍站牌又做错了什么呢🍋,0
原来35就是老头了啊😏,1
哇，都是钱🐱,1
天呐，韩剧残忍事件都是写实的吧🙀,0
只说满意已经不错了😂,1
靓仔们也适应四川辣了😏,0
多来点这种事👍,0
能大幅度降一次吗，虽然知道那是做梦😠,0
错别字啊，又苍蝇？方言吗😌,0
有没有可能就是为了保护恶童才设立的😏,1
一天通风报信一次😂,1
当然没看见了，我只看标题😌,0
我去过黄腾峡😁,0
战士辛苦👍👍👍,0
看到没，凭一张北大校友卡就能轻轻松松赚大钱🤔,0
最后放许巍的歌，所以我猜是许巍的演唱会🤭,0
陆地上草够了，得去水里玩下😏,1
其实你在评论区怎么骂都不算真实，可以说脱离实际，你要是在现场，你会当面骂人吗？人家报警的话，你就是寻衅滋事了😌,0
他明明是可以直接进去的🥺,0
你说呢😊,1
花花❤,0
结果反超人家😌😌,0
蛇好像会记路，小时候在老家地里看见过几次蛇，老人把它铲走扔的特别远，过两天天又会见到它😖,0
我想知道都是什么人买走了😌😌😌,0
某些人群对拍照拍视频的疯狂程度真的很难理解🙇,0
所以啊，现在洪涝就让老百姓别出门，停工停产😏,0
客观说一句就是找补啊？😏,0
不说明造成事件真正原因，怎么追责😱,0
反正得薅😠😠😠轮着来哎,0
干嘛非得吃泡面😏,0
觉得值得结婚就结呗，非要别人给彩礼，要是那么想要钱自己去赚就好了😍😍😍,1
防空形同虚设😏,0
满大街溜达✊,0
告他蓄意伤人🤮,0
反正我没有钱😂😂,1
地铁本身加速，减速，转弯都很晃，怎么孩子就一定是故意的呢？是不是最近新闻看多了😏想太多了？😏,0
小雪被搞了😞放心我相信你,0
把消息推给我们领导😌推给我干啥,0
维修手机的就不能有点职业道德吗😵,0
就是怕这个，所以我只买去过实体店餐厅的外卖🙇🙇,0
隔天就说狗子的脚烫伤起泡了，马上送去医院😊,0
没有被榨干能回得来？🍉,1
跟那俩城市比的话😂,0
来，跟我读：学高为师，身正为范，😏你们都快来生孩子啊，生一个培训三天，生两个下回培训你就有经验了，生三个培训的时候你就可以不用记笔记啦😏,1
大哥你但凡多关注个分享奇闻逸事的博主也不至于说这么小家子气的话😉,1
脑残😂,1
总得治一头😌😌😌,0
我大中华四川是不是超有意思👍👍👍,0
放在那离职才给理解不了🤔️,0
少占用内存啊😌😌😌,0
毛子这也，😌😂,1
你要孩子能自己生？😏,1
钱花完就回来了😂😂😂,0
就非得在黄山吃泡面吗😂,1
该买还不是买😂,0
感觉很疲劳的时候会这样，平常根本没这反应😌😌,0
我妈炒菌，香了扎不住，我克偷锅里的吃，在我看见我妈倒立着炒菜😺我就知道完犊子了,0
希望进去T，bag天天捅他皮燕子😢,1
秦始皇有话要说🤗🤗🤗,0
额，建筑工还是需要点技术在的😂,0
大麦自己就是牛头😂,1
每一站上下车都特别长时间😢背着笔记本特别沉还没地方坐,0
感覺是吃飽撐著，意思就是加了就是一輩子了喂，一生一世懶著人家呀！還防拉黑😌，人家拉黑刪除就是不想聯繫了唄！就應該像QQ一樣，刪除了就同時刪除,1
好好好！多么聪慧的发言😄,1
涨的时候没有天花板😏,0
之前那个被杀害的未成年女孩，附民赔了五万多，是不是太低了🤗,1
没新闻了？打架都能上😂,1
今天是三祭，生者坚强，逝者安息🕯,0
电车不是新能源，😏,0
假设我让精神病去帮我拐卖孩子，那岂不是无敌了？被抓就说有精神病，没被指使，🍉,0
多大点咱们自己人做的事吧，棒子都快把华妮一家洗成韩国的了🙀🙀,0
我永远爱Angelababy😋😋,0
日本人要反思一下了😂😂😂😂,1
太懂了😄,1
没办法🤗,1
闲置的疫情防控设备物资价值4亿元🤗,0
汉唐很强大，知道汉军是怎么打仗的吗？知道唐朝为什么强大的吗？就是因为没你这号的，满嘴的国家和同胞，就是没有你自己的事都是一些吃同胞肉喝同胞血的杂杂唉，国家不强大，人民遭殃🤗,1
就欣赏您这换位思考的思维，我替子弹谢谢您！😂,0
你说谁多😂,0
但考编有🍉,0
都要注意安全啊😢,0
蹲后续政策吧🤫,1
简称双一留😆,0
你要钱能不能自己赚啊？🤔,1
怎么追责😱,0
直逼帝都😌,0
恨的不是有关系的人，恨的是有关系的人不是自己😏😏😏,1
飙戏没用，那句哭着喊“我从头到尾没说过一句脏话”，旁边的同学都忍不住笑😌要是没视频真的吃了个哑巴亏😌,0
难道还真以为人人都要露天吃啊🤔,0
想要美国禁枪不可能的，他们警察就乱开枪😒,1
我也怀疑，一张图，西方媒体，🤔，别人说什么信什么🤔️🤗,0
正确做法应该是去其他地方买，在他旁边便宜卖😏,1
夏天吃火锅超级爽的,0
这么有钱🙀🙀🙀,0
叫的我晚上睡不着觉😊,0
熟悉的配方，熟悉的味道😂,1
他们就是怎么通过平台审核的😏,0
微博是没图没视频不能发吗？🍉,0
去看看能干啥？有钱人的钱真好挣🍉,1
挺厉害嘛😂,0
笑死，多的是男的觉得自己妈该死你怎么不去劝劝😁，孙吧好多男的还偷拍自己妈给兄弟yy呢😁，我说一句我爹只是生物爹你就急了啊😁，哈哈哈～知道男人在女人眼里不重要就这么急啊？😁去了解下摩梭族吧，现存的母系社会，她们那根本没有爹这种东西😁，你要是在那不得急死😁,1
有人就生在罗马皇宫里🍉,0
毕竟人生只有一次😏尊重这种选择,1
学学人家四川大学，把男厕变成女厕不叫好了吗😒那么简单,0
不带脑子发言的呐😋,1
某些国际组织就是菜市场，🤮,1
我们也要😢,0
好漂亮👍,0
列车管理员在干嘛？😱🍉,1
随便看，都是我爱豆照片，我怕啥😁,0
为啥要结婚🙋攒几年钱自己给自己买个房也行,0
这不是霉国立国的根本吗！🤗🤗🤗,0
这法律的弹性可真大😂,1
别把自己骗了😄,1
孩子不出来🥹,0
我只看标题😌,0
你搁这卖方便面吗还图片仅供参考🤔️,0
孩子爸爸是残疾人，母亲有精神问题，家境不好，看视频孩子现在已经痴痴的了😣,0
活的差不多也可以入土了哦😊,1
好可怕，都要注意安全啊😢,0
河北保定，一个风都能把楼房刮跑的城市😊,1
冲鸭～，在主任宝宝的带动下，宝贝们火力全开，[太開心],0
这是乘务员应该做的事，但是很多乘务员做不到，给这位尽职尽责的乘务员点赞👍,0
德狗叫的挺欢😏,1
笑笑🤓,0
专家说的没错啊，大家把闲置的车拿出来开滴滴，下一步就是闲置的房子出租了😏,0
敢不敢进场实名制啊🤗🤗🤗,1
少了😠,0
成功把照片找回来了🤗,0
谅解书也是假的啊😌,0
据说绝大部分男的都会😌，太脏了,0
办双证不就合规合法经营了？别的地方都实施好多年了，运管部门跟平台干啥吃的😏,1
不到岗就是扣钱😡,1
神圣尊贵的屁股👍却是用来放屁的,1
这种人👋👋👋,1
不会又是瞎堆放吧🤔,0
热鼠😷,0
择校费是什么😛,0
我不去🍉,0
我说了也不算😂,1
有必要卷吗，天赋还是大部分原因😏,0
都是手机拍照设备惹的祸😂😂😂👀👀👀,0
qq斗地主？？😵😵,1
高中时候我们班级抄袭成风，每科都抄成绩最好的那个，不给抄还武力威胁，所以最后高考“失利”的也一大堆，🍉,1
所以才鄙视你们这些连论文都水不出来的阿猫阿狗😌,1
那么娇贵的小公举居然都没有自己的私家车？还要坐公交出门吗😍😍,1
这明明是虐待罪到你口中怎么是故意杀人了啊🙇,1
要知道刑事责任一般都是出现人伤事件才是刑事责任😏,0
中年人🤨,0
南橘北枳，这种集体宿舍有啥好玩的，歪果仁喜欢，国人不一定稀罕😌,1
自我介绍不错😏,0
这个以前还去过😏,0
有我有我,0
等回家了拿着刀干了什么你根本没主意😌😌,0
解释不了的就是巧合😂,1
睡了还怀，孕，还不要人家，当女，人，是什，么？不是不良艺人是什么？不良艺人应该封杀😏,0
工地上听说这种事挺多的，再次劝退土木😌,0
这新闻就看的很搞笑😌😌,0
摊主血赚，提前收摊😂,1
不必在意😂！过几天就好了😌,0
不是双方都自愿的吗😊你怎么知道女方怎么想,1
小仙女🥺🥺🥺,1
恋情都是真的😵,0
缅北和云南是两个概念好吗？自己管不住自己，被骗，和云南有毛关系？简直没脑子😛😛😛😛😛😛,1
我基本上都是点奶茶🥤,0
几分糖完全是服务员手一抖的规格😌,0
棒子都快把华妮一家洗成韩国的了🙀🙀,0
严重失实的话，仅是批评教育岂不是纵容😱😱,0
？？？说出你的故事😱😱,0
天底下哪里有庄稼成熟了不收割的道理？！😏,0
风调雨顺❤,0
没休过😂,1
是不是你自己心里清楚，你只不过是个玩具罢了🤓,1
列车上应该禁止站立，容易摔倒，建议巡视员爬着巡视😛,1
应该10000一杯，不然体现不了你们的高尚😏😏,1
满满正能量😚🌹😊,1
不理解😂😂😂😂😂😂😏😏😏,1
又爆炸？昨天一个今天一个？😂,1
好奇新冠怎么没把这些人带走🤗,1
不只自己赚还能啃老那😁,1
你放心，以乌克兰的军事实力不可能等来这一天😁,0
谁都想抢😡,0
有钱😏,0
进入口袋的中国富豪会如“硅谷银行”一样被昂撒-犹大人再次特定收割干净吗🤔️,0
还让不让好好吃饭了😏🍉,1
钱到位了吧😏,0
一个漂移去韩国😏,0
到底谁爱看别人上厕所啊😵,0
巧了，我也碰到一个，直接被我怼emo了😌,0
晚上10点调解到凌晨2点！真是敬业啊！🤮🤮🤮,1
救命啊🤮,0
早😄😄,0
坐等吃瓜🤓🤓🤓,0
丝毫不容侵犯！即使秒瞟一眼都不可🤗,0
那个什么芋泥鸭挺感兴趣的😁,0
还瞎折腾结婚干嘛🤔,0
看破不说破🤭,1
没有责任人处理吗？😌,0
音乐会一直不许带水，为什么？坐地铁班车高铁等等都可以带水，如果真的和航空一样，为了高标准的安全（但是你能做到高标准安全吗？），能不能平价提供水，而不是这么明显的敛财🤨,0
我做呀🐱🐱,0
把人家骗睡了，还他妈毁了人家两年的时光，不应该封这个评委吗😂,0
昨天的造谣能上热搜，辟谣不能上头条？🤗,0
BGM也太大声了😵,0
那三天绝对不够😌,0
没有新闻可以不报的🤮,0
要是你是那个受害者我看你还笑不笑的出来🥺,1
你凭什么觉得是假的啊😢,0
吓人，要是科技能发展到把这些雨往干旱的地方分点儿就好了😢,0
执教日本也没啥吧，毕竟我们自己都还有搞“养狼计划”🍉,0
有的，换成女的被这样可不是和解就完事了，还得被网暴😏,1
武当山摆渡车免费的😁,1
无知😠,0
是不是以为自己能跑掉😁点火时候那个狠劲怎么几秒就没了😱,0
就看你朝鲜下一步怎么处理了🤔,1
三天😱,0
三、五年哈哈哈，坟头草老高了呗😌，那可不再也不用担心了呗,1
从23工作到33也买不到一套房😄😄,0
形式主义真的严重，不知道为什么，其实不只是zf，只要有点权力或者领导的职位在身上，不管是企业还是校园都是趋同的😞这也是本科的时候毅然决然离开东三省区域读书的原因😖,0
那个词现代汉语词典里怎么没有😏,0
新冠病毒都死光多长时间了，那些养毒自重玩毒捞钱的鬼畜，还借新冠的名义捞调查费、防疫费，🤑🤑🤑,0
不，我不承认，我就是躺平，😋,1
百姓的钱三七分成啊，这不转转手再赚一波抬价钱，美滋滋😄,1
平时成绩数学动不动满分150😏😏这不是有正确答案那就是华罗庚转世😏就算写的再好，也不能和标准答案一模一样啊😂多少扣点吧,1
这姑娘👍👍,0
示威警告😌,1
生理心理双重惨痛😏,1
泡面😞,0
一年休假时间都不到60天😏😏😏,0
我那边，每次清华北大都没那么隆重过🍉🍉🍉，羡慕浙江,0
不信谣，不传谣🐰,0
谁规定的不能写诗？管好你们自己吧😏,0
苦海无涯😌😌😌,0
但是不是网传视频里的那种推广🤔,0
必须让他们付出代价😊,0
昨天不还是造谣吗？😏,1
优秀👏👏,0
就是就是，动不动就散步焦虑😏,0
？？？故意伤害罪？？您知道故意伤害罪的构成要件吗，还说我无知😂😂😂,1
谣言止于智者👊💪💪,0
我支持大妈😄😄😄,0
他才不乱🤗,0
是联通啊那没事了😊,1
把农民交的公粮按月归还给老人就行了😢不敢奢望什么养老金，免得又被城里人说农民没交钱凭什么拿养老金,0
有没有好心人放生人民币，带上我😏,1
好样的👍👍👍,0
最近经常这样，之前不会，网上有人调侃说是身体在判断你是睡着了还是噶了😂😂😂😂,0
收了一百万欧元，😏吃人嘴短,0
哈哈，果然😌,0
把比赛搞得像菜市场一样撒泼打滚😛,1
万般不好也还是有小小幸运一面的😌,0
火锅雪糕是一家，一凉一热太爽了😏,0
封神榜😛,0
既然志不同道不合，就跟她分了再找一个不要彩礼的，娶媳妇得凭本事让人家愿意和你过日子呀，写信给政府，是以为媳妇是配给的吗？（说不定是人家姑娘根本不想跟他结😏）,0
这个小区的房价可以涨了！😌,0
你没事吧😓,1
不存在强制堕胎😂,1
声东击西😱,0
兴许不难吃呢😂,0
我没开玩笑😊,1
这么大台风都干不过一个恒大😌,1
估计那天晚上不止一场，说不定还喝了点，然后第二天想不起来答应的哪个了😌,1
好家伙😌😌内鬼被揪出🤔🤔,0
这心理承受能力不行啊😏,0
阿sir又不跟你讲法律🍉,1
是哪个缺德的放的珍珠岩😢😢,0
教徒们还不顶礼膜拜😛😛😛,0
加了个🍗❤,0
怎么觉得最近天天死人😱,0
不厚道😓😓,0
女生看不清拍站牌又做错了什么呢🍋,0
可别把自己也给骗了😓,1
领多少钱，干这些没屁眼的事😏,0
人家说的是送客松死了，不是迎客松😌,1
奖励你女儿被铁链拴住做马桶❤,0
还有专门的电竞手机🤓,0
生日快乐🍰,0
怎么说啥都不行啊😢😢😢😢,1
躺地上你得陪5000N次方😏,1
可以不结婚，😌,0
还要靠艺人方式赚钱🤔,0
击毙，必须击毙😊,0
厉害啊，怎么做到连续哭的🤔️,1
咋没人评论😏,0
不理解😵,0
还不跑，到时连你和你孩子都杀了😊,1
这是真急了😌,1
你说说哪个水坝开了？😌,0
怎么没有捏气泡袋😏,0
已经不只是暴雨了，这是自然灾害，愿平安😢,0
等什么时候男人能生孩子了就不用要彩礼啦，你快去做个人妖手术，找个男人，一分钱不要去给人家生孩子，看孩子，伺候一家老老小小😁,1
早安❤,0
简直是荒唐至极🤮🤮,1
接好运❤,0
现阶段已经不错了😏😏😏,0
厄尔尼诺现象导致的？台风不断，雨水不断😌,0
一起收😏,0
没被指使，🍉,0
特定名词出现了😂😂,0
你说的爆款是爆炸的爆吗？那可不是剧剧爆🤗🤗🤗,0
这两个字不能深刻理解😖,0
进去后，有他后悔的🤗,0
直接击毙😏,1
一路走好，愿天堂没有痛苦，没有灾难😞,0
死讲规矩不想办法😠,0
等到18岁按成年人判😊,0
不是善心被糟蹋就是有些人中饱私囊🧎🧎,0
有谁真正关心动物😏,0
警察隔空给犯罪嫌疑人打声招呼，犯罪嫌疑人就自己去法院了？😏😏😏,0
云南文旅厅说“没有发现”——怎么发现呢？都被拒绝参团了，你想怎么发现？就这样的管理永远也发现不了问题，所以才会问题不断，😂😂,1
这就是爆剧效应😽,0
这维稳做的相当到位😊,0
愿国富民强❤,0
不知不觉你就被监督了😌,1
我可以说一句，该上头监管传播的问题不要怪别人不规避😓，下个乡呀,0
要笑死谁😛,0
我只会心疼，giegie😏,1
有战果就行👍,1
轮椅都能丢😂,1
吓的我不敢报团去云南旅游了🥱,0
主要鸭子比鸡小，在北方买整只鸭子也比鸡便宜😂,1
今晚刚好看啦😏好看,0
压根就没结果嘛，别又是用乌龙来博眼球消遣观众😏,0
你是懂阿Q的😌,1
笑死，又来，微调涨几块，暴跌跌几分😛,1
封建迷信真可怕👋👋👋,0
我正往手上写呢，你，😌😌😌,0
他喊这几下，是热爱李小龙啊😂,0
估计你大概率不经常开车~还好你在这个羊群视频里体现出来了，不然你抱着这种对大货车的认知开车或者骑车，早晚能体会到为什么大货车号称公路“王者”~😏,1
哈哈哈哈哈哈😏和我有什么关系,0
能像城管一样去大力执行么🤗,0
炒作😏,1
尊重，祝福🤗,1
鸡飞蛋打😄,0
还五六百😂,0
必须付出代价😠😠,0
中国人越来越富了？😌别搞笑啦，越来越富会买不起房结不起婚?房价就是直接关系，大多数都是贷款才能买房，你告诉我中国人越来越富?,1
说辞又变成不方便透露了，😉,1
那岂不是更尴尬😆😆,0
结果就是没看上😂微信没删，删了的话女的也会发现被删了应该也随手就删了，都是留着对方，可能还有以后，还有下次😂😌,0
美国拍不好东方故事已经是经过无数次证明了的真理，🍉,0
强烈建议各位抽个时间去自己点外卖的商家看看门面，或者是点自己经常去的店家😍有一次我闲着没事出去遛弯想起来之前吃的一家披萨很好吃想点一个到店拿，😏我开始有点后悔我点这家外卖了，然后后来我点外卖只点我去过的店家,0
看不懂😂,0
哈哈哈哈，倒立炒菜，我妈炒菌，香了扎不住，我克偷锅里的吃，在我看见我妈倒立着炒菜😺我就知道完犊子了,0
人生育率确实下去了呀😏,0
大力支持，国企员工和公务员都有福啦,1
漂亮👍,1
你的童年我的童年好像都一样🤓,0
而且还有媒体记者是这样的😌,0
这次应该不会打脸，群众的眼光是雪亮的，上次真是把大家当傻子了😌,1
肛肠科当赛事医务组就行了😏,1
还记得之前送锦旗的吗，治不了洋人，治得了你🍉,1
业务更好了😏,1
妈的我们这种喜欢了20年的人都没说话😏,0
责任全在美国？😏,1
又聪明又贴心👍,0
赢麻了👍👍,1
头都打流血了😵,0
太强了👍,0
真诚最打动人，杨紫非常好❤❤❤,0
视频内容和文字说明货不对板：女子和公交司机交涉的时候，乘客并没有怒怼，还有大妈热心呼叫她到后面避寒，🍉,0
而且还有很多专家，要一起呵护熊猫宝贝们😄,0
等后续吧，到底有没有偷拍警察会查清楚，有偷拍女孩也得处罚，但不管有没有偷拍打破人家头这妈妈都得拘个几天吧🐱,0
看了评论，如果真正需要操作，只需要走正常程序申报增录名额，压缩其他名额就行，所以不用臆想什么顶替😌,0
看得出来小姑娘是真的很想逃跑的😏,0
军工组明天做个阅兵实况解说吧😛,0
什么样的家庭才喝的起酸奶😌,1
都是糊弄鬼呢😏,0
这哈坐个飞机不仅要坐地铁还要坐高铁😛😛,0
生日快乐🥰,0
不信😁😁😁😁😁,1
我也住水木清华，不过是浙江的😏希望我女儿以后也能上清华吧,0
晚安😮,0
导游更应该招点有素质的，提高一下门槛吧，别动不动吓死人那种，旅游不是绑架😒,0
别说大实话😌,1
没看出来，😏我感觉你的素质和思想水平远不如人家,1
还有涉及腐败的嫌疑😌,0
这些不利于和谐的新闻发它做什么?你与何居心?😏,1
以为演电视剧呢，所有信息注销，给个假身份去当卧底😏,1
不传谣🐰,0
笨蛋，不能用来播电音版古兰经吗？😏,0
自欺欺人😓,1
小杜就没了🤗现在雨哗哗哗滴,0
奇怪了，中学我和孩子都是知道成绩的啊😂,1
牛啊👍,1
故宫闭馆了，龙吐水看不到了，内涝的院子也看不到了😌😌,0
我以为是跟着上课了😏,1
两个宝贝可怎么办😞,0
算盘打的挺响有命花么😊,0
真奇葩😛,1
这玩意儿就是一个相互博弈的过程，你不想单休那你就用脚投票啊，都希望别人帮你争取来么？死道友不死贫道？👎,0
“因为我见过太阳，所以我想成为其中的一束光”👍👍👍,1
那就没办法了😌,0
中华美德👍,0
有张薇女士给地铁骚扰背书，这波果断先站队小男孩🤟,0
一眼丁真😄,0
辽宁的蜜雪冰城跟我浙江的蜜雪冰城有什么关系😏😉,1
事实上核污水就是有危害啊😂,0
这小孩怎么能这样😂😂😂,0
每逢双日支持老胡，单日打倒老胡🤓,0
动不动就散步焦虑😏,0
这也敢😂😂😂,1
文中说：互相很喜欢，建议拿户口本登记了再算，中秋节国庆节登记了再诉家里人的一大堆人了，直接问女的，要不要在一起，在一起就去登记吧！都什么年代了还不能自由恋爱？跟爸妈说结婚是年轻人决定的事情，还读这么多书，还大学生？🐷🐷（宁教人打子，莫教人分妻，个人观点，不喜勿喷）,0
那么说明你和国家之间至少一个有严重的问题🍉,0
游客与园区的PY交易，有谁真正关心动物😏,0
其实自己做个攻略，然后🍑上包车玩，还是挺好的，不用找导游还要看他们脸色🧎,0
还要塑造杀人犯重情重义的好形象？😱媒体你们的三观呢？,1
河北好得到哪儿去啊😏,0
贼烦这种，说实话越这样越不想坐😊,1
就算下刀子，也得背着领导去上班😏,1
大中国美景,0
真的不容易，还要一直拿着执法记录仪保护自己😓,0
别的门呢？别就处理牵手门🤨,0
只算的儿童枪击😌,1
有没有课代表科普一下😌,0
想不通为什么很多人被家暴还不离婚的😓,1
哈哈这层楼也能打拳😏,1
暴雨的无情，洪水的危情，看的心惊胆战，消防员好样的👍👍👍,0
根据我的经验，“久其软件李”大概率是个女的🤨,0
没什么遗憾的😛,0
变态吧，看人家拉屎很高兴吗？🤮🤮🤮,0
为什么要选择一大早或者下班高峰期跟年轻人抢地铁呢😏,0
我们就是萌妹的代表，我们就是萌妹萌妹萌妹     飞云宝宝生日快乐，永远做一只幸福快乐的小熊呀,0
相同的套路，不同的爹，但、也许、可能、大概、保不齐结果是－样的，因××部门不想被说成双标😌,0
早上好🤗,0
我在河南，天气预报为啥说一直下到八月六号😖😖,0
子不教父之过🍉👎💩,0
给国家省点养老金🤗,1
恳求大家关注一下广东廉江三个月婴儿被虐待事件！这个可怜婴儿在睡梦中被突然打醒的样子，双手在空气中颤抖着想要抓着什么的样子，想要逃避不知道怎么翻身的样子，卡着脖子难受的样子，皱着眉头惊恐地睡着的样子，我们作为成人仅仅只是看过就痛不欲生，而他只有3个月啊，😞😞😞,0
没有钱，任凭黄牛涨破天际也跟我没关系🤔,0
你这种人还活着真是开眼了🤮,1
有些人封个职位就趾高气扬了，和“下属”说话时，恨不得鼻孔冲天，职场里这样的人比比皆是，希望这些人能明白，与人为善，就是与己为善，😊😊😊,0
我不要你觉得，我要我觉得🍉,0
也不喜欢臭水沟😌,0
好像偷窥了我😌,0
居然把dota2放最后一个😠,0
自己参与的飞机，表示自己都没体验过😌,0
广东靓仔居然51%投了川菜😏，靓仔们也适应四川辣了😏,0
贼喊捉贼！😆,1
下乡好多年了😖我有个五保户亲戚癌症去世，给他收拾房间，电饭煲好几个还有洗脚桶，都是全新，村里五保户都是买好几个,0
全都做过😌,0
不愧是首都啊，就是嘎嘎上大分😏,0
自律🍉,0
现在的新闻工作者都这样了吗😵😵,0
我支持大妈😄😄,0
真打到莫斯科了，黄鹅们怎么说？😌,1
留国察看😏😏😏,1
因为男生会原谅，而女生不会～😏,1
确实，三千点的股市要是能有了泡沫，那真是滑天下之大稽！😆,0
行不行😊,0
凭一张北大校友卡就能轻轻松松赚大钱🤔,0
我看错成可以经由小三探亲🍉,0
让全国人民都认识认识😊,1
飞云生日快乐❤,0
电多得都能给越南，怎么还会缺电呢，有关部门不会那么傻的😉,1
好看的猴子有版权😏,1
这谁能看出来😱,1
他不死有人睡不着😌,0
自费疫苗说不知道是什么疫苗有点假😓,0
我就是一吃辣就拉肚子😏,0
脑子不用那就被骗子骗呗🍉,1
那你们领导更没zhong😏,1
部分捐赠物资受捐的时候是临期，临期不代表过期，而且说的是部分临期，剩下的那部分呢？是直接过期了还是比较新鲜啊？🤭,1
管你们删不删，我先骂一句，人贩子我操你姥姥😠,0
又是阿共仔😏,0
破案了，不是体罚，是上学正常猝死😏,0
严加管教🍉,0
很多企业都是用的自己开发的或则钉钉之类的办公软件，微信我个人也觉得用在工作上不咋的😁😁😁,1
上次广州的宝马撞人也不知道枪毙没😏好像也有说自己精神不正常,0
自己做啊睡一觉起来就可以吃到了🤓🤓🤓,0
夹着点燃的香烟走了一整条街一口都没抽😠,0
吃瓜呢🙀,0
那清华园😏😏😏？,0
我到想看看是哪个不要脸的女人的话🤮张口闭口歧视女性🤮,0
我的鸟就被流浪猫嚯嚯了😂,0
看过一套房公摊占1/3已经够夸张了，没想到这个更狠👍,0
有一个空缺，为啥不递延，别人正好要上啊，不理解😵,0
女的自制力比男的差多了😏,0
对，越打离波兰越近,1
真脑残😛,1
要是单打独斗可行，美国干嘛要让乌克兰冲在前面😌,0
有毛病吧😠,0
太恐怖了😡,0
无间道是吧😏,1
二毛这么干？大毛也可以吧😒,0
睡眠不好容易脾气暴躁😛,1
幸好不是有刺、有毒的，什么都要摸一摸？😓,1
而且看着也就一米六多点的样子、离开美颜的话真太一般了😂关键好油腻啊！舔嘴唇😵摸头发😵害羞的一笑,0
不要钱的都不收，要钱的还敢给？里面要是毒品，等着判刑吧🤭,0
谁有什么坎儿老胡照样收割网络红利😌,0
我就想知道这帮放生的人以前造了多大的孽，才能整出这种活儿😠😠😠😠😠,1
推进法制进程的先进份子😂,1
不懂了吧，停高架上😂,1
预约个检查可以要等一个礼拜😌,0
这么多年了，还食品安全那套话术😁，难道是这几年国外大火经常烧，又准备重启煤电，PM2.5这套话术不太好说了？,0
真别打拳了，打到后期你看你爹都是生物爹🤔,1
如果把122%的那杯作为全糖，也就是需要除以1.22这个系数，那么其他几杯的含糖量就很接近宣称的比例了，🤨🤨🤨,0
内涝的院子也看不到了😌😌,0
跨省拘捕你😏,1
该出血还是要出的🐶,0
好邻居👍,0
现实利率一降再降是吧😆,0
又是羡慕美警的一天，这可是行政休假的好机会😏,1
先处理你这类乐色😂,1
不是酒都可以喝吧，渴了怎么办？😱,1
那完蛋了，亵渎古兰经，直接突突了😌,0
看不得，泪目，都是好孩子们，愿天堂没有痛苦😖🕯🙏，——，必须追责！！！,0
大家一起气死他，给国家省点养老金🤗,1
我就是躺平，😋,0
怎么算也1.5了😌,1
没用参考女流😌本科清华硕士北大，内蒙理科状元该挂还是挂😂,0
我相信汪峰😏,0
好像不会😏,0
这就有点儿尴尬了😌😌,0
素质差为什么不能骂？不但要骂还要让他们听见，杂毛就是杂毛，穿上衣服也是老杂毛,1
注意安全😓,1
批评教育😊,1
欠管教😂,0
怕记者律师亮明身份索要“优惠”啊😏,1
我自己赚哦，不只自己赚还能啃老那😁,1
希望网络喷子嘴下留情😢,0
首先，九龙吐水是故宫，这里是门头沟，其次，这么大的雨，什么排水系统都不好使🤗,0
六月份京津冀40ºc高温，现在下大雨，是老天爷在做平衡吗？😌😌,0
最近小仙女戏有点多😌,0
超级热😌,0
眼瞎看成小三可以过去🙀🐷,1
在电影院绣花😏,0
指着东北那些官老爷干活，等着吧😏😏😏,1
昆明机场旁边那个游客集散中心，你进去看看吧领导，🧎🧎基本所有旅游团最后一天的行程都是这里😠😠,0
那个县又出名了！😂😂😂,1
去了杭州和长沙！😍😍超级好看！,0
啊对对对😏让法律原谅男宝吧,1
赚钱也是真的😁,0
联合国姓，😏,0
谁的演唱会😏,0
确实正相关吧，好像中国生娃率比较高的应该差不多也是中国比较穷的省份🍉,0
这一天天的都什么人啊，🤗,1
乡下的干部都在办公室忙活，😏,1
云南没咋回事，我去过，挺好的😁,0
闻到狗肉香，蟒蛇也翻墙😏,1
施工单位呢🤗,0
流浪猫应该都送到动保人士和爱猫人士家中，不然毛孩子怎么办呀😢😢😢，,0
这只是民众认知上的“故意伤害”行为，但绝对构不成“故意伤害罪”，故意伤害罪构成的基本条件是需要伤情鉴定达到“轻伤”以上，而法律意义上的“轻伤”是什么，我建议你自行百度😁😁,0
日本早点自食其果😄,1
韩女仇童不是一两天了，再Mgalia这种女权恐怖组织的渗透下，邻国也开始走上仇童的路子了🤮🤮🤮,0
再过几十年，到时候浑身都软就是嘴硬的那批人可能就没飞机坐了😏,1
拖行交警的还能当208呢，负担18驴也过得好好的😊,1
人口减少计划😏,0
小编捅马蜂窝咯🍉,0
活该🤮,1
部门规章地方规章）😏,0
不行，要冲先冲我老板的🧎🧎,1
居然还有说狗可怜的，不知道你们这些爱狗人士给狗喂食肉类食物，那些鸡鸭牛羊等小动物可不可怜😂,1
国内不多？？？😊,1
没到提前一批的分数，直接滑档，还能被提前二批投档一次也是骚操作😁,1
用手圈水柱的时候觉得自己有神圣之力😁,0
能否透露一下?😉🥰,0
每年都是历史最高了😏,1
你骂人就不是大声喧哗了🙀🙀，好双标哦🤔🤔,1
我是穷鬼，借我玩😏,0
如果不拔牙我还不知道这团棉花要跟随我过完下半生😓😓😓小诊所根管+烤瓷牙冠差不多,0
服务行业先把双休落实吧😢,1
严加管教，他爹妈能管得了就不会发生这种事😊，未成年人保护法是保护霸凌者的吧,1
其实只需要在社交媒体带下节奏🤔,0
全满贯球王开始新的征程了😍,0
早安🤗,0
身体这么不好怎么还亲自出门😢,0
不要随便下水救人😓,0
太抽象了😂,0
这女的还要跟他生😓,1
飞云宝贝生日快乐🎂健康平安幸福哟🐼❤,0
这是什么虎狼之词😏,0
娃穿着雨衣，这会没准在爽的大叫呢🤭,1
监控被水泡坏了😏,1
锐气怎么你了🤔️,0
23年了还会有这种事😱,1
每次启用要看两分钟广告吗😏,0
大家忘了那个火锅配雪糕，最后急性会厌炎的女生了吗？👋👋👋有些人喉咙经不起这样的刺激，一旦持续肿大一定及时就医,0
天哪一定要注意安全，希望一切平安❤,0
非要等到被侵害了才能维权吗？😡,0
排水系统就随便做做就行吗🤗,0
而不是这么明显的敛财🤨,0
这个妈妈为什么会这么想🤔️也不至于动手打人吧🫢,0
大义🙏🙏,0
俄罗斯可以袭击基辅，乌克兰为啥不能袭击莫斯科，😏,0
拿着动物的健康赚钱，你们的良心不会痛吗？👊👊👊,0
立当又立的来了😌👍,1
抓起来😊😊😊,1
那就三八线以南都沉海底😛,0
明年再吃一次流量😛,1
也不想要所谓的尊严最后走丢了找不回来当露宿者🤗,0
买隔壁的，全包，请认识的人过来白吃😏,1
到底是谁在破防🍉,1
没有中间立柱的体育馆居然用平顶，难道不是设计错误，🤔,1
真是人民的好公仆😓,1
小男孩不是不懂，那个男人不是小孩过来的，😏,0
堕胎也是真的但是不是强制性😌,0
男的能是精神病不？🤔,0
也不知道教练咋想的😱,0
这公关有点耳熟😏,0
第二眼才看到孩子😂,0
播它个一季🤗🤗🤗,0
打雷了😍没有雨,0
又是云南，又是导游，又是购物😠,0
朋友同学在门头沟😌,0
齐齐哈尔，设计的时候肯定是会考虑雪荷载的，具体数据不清楚，但应该不会小，所以具体还要看1、珍珠岩堆了多厚，是否超过了设计荷载；2、珍珠岩堆放的位置，是否会引起局部荷载过大，导致结构失稳；3、这两个问题搞清楚了，才能去判断是设计、施工、还是人祸！愿逝者安息🙏，愿悲剧不再重演🙏,1
所以我只买去过实体店餐厅的外卖🙇🙇,0
强奸犯在牢里是生不如死的😌别问我咋知道,0
哪里扯性别了哦，别太敏感哦，陈述事实不行咯?另外有些东西只能说看起来了像人，但并不能算人的😛,0
进货三四十的衣服卖你二三百都是小意思🍉,0
祝乘务员小姐姐未来的生活幸福美满🌹🌹🌹,0
谁知道p掉了又被扒出来😓,0
从小就武德充沛，赢麻了👍👍,1
我就不说啥了😂😂😂,1
这是人祸，祸害了几十家庭😢😢😢,0
国家第一😓,1
靠你了，我未来的笑点靠你了，🍉🍉🍉😂😂😂,1
打胎过😓,0
确实，毕竟没男的包，付出自己很快乐吧，大把的钱够你去一辈子音乐节了吧😌,1
他正在修改历史中😛,1
不就不用检了😂,0
平时就有个同学作弊作到自己都信了，三模全市第一，高考五百六😊,1
多大的恩惠啊！🤮,1
可能会好一点😂,0
我不止一次建议，把乘务员的工资发给列车乘客，因为大多数问题都是乘客自行解决的，😏,0
你能怎么样😏😏😁😁,1
玉骨遥😮,0
对方是真心话大冒险输了吗？之前遇到过，隔壁桌男的女的都来敬酒，还得一杯喝完，结果给我喝醉了😌,0
大象鼻子长，应该是男卫生间😏,1
以暴制暴奈斯🍉,0
倒狗又在瞎炒，这样子义乌出货最多20块！坐等倒狗爆仓上天台！最近几年先炒鞋，后炒盲盒，疫情几年炒万代的高达，现在有炒这毫无价值，任何一个小作坊都可以批量生产的抱枕！前几年炒冰墩墩的现在还挂在天台上！现在拼刀刀9.9包邮还买一送一！😏,0
2.79m/s已经很良心了，百度你不买他vip给你2.79k他都做得出来🤔,1
恨国党慕洋犬最喜欢这四个字🍉🍉🍉,0
摸鱼也要摸到十点😂,0
参加暴乱被杀死不值得同情😏😏😏这么多人,0
不舒服就走了啊！这么坚持在那个包间？😱,0
前段时间广西慧泊市都忘了吗？😏😏😏只要你敢停，泊车公司就敢让你破产😏😏😏,0
万幸😵,0
没想到这么大水，注意安全啊🌹,0
还不出声明解约嘛😂,0
望平安🙏🙏🙏,0
几岁了😌,0
总结：我还想赚钱🤝,0
周围的不够😋,0
狂风暴雨啊😖,0
回复，在家点火不是吗？😱上下楼的安全不是公共安全吗？,0
到后面都同学之间互相打分😂,1
徒手抓鱼真的很难😛,0
粉丝真好骗🍉,0
穿衣服?让我怎么露肉?🤮,1
职校是这样的🤗,1
暖心的爱🌹,0
这也能拿出来说事😌有得吃有得手机看你看有多少个孩子会闹🍉,0
中石油真牛逼😏,0
网红真有钱！是的！我羡慕了😂😂,0
根本抢不到课😏,1
但是这一句就很让人感动了😢,0
南朝鲜棒子国上窜下跳😏😏,0
还得被网暴😏,1
一个电动车都扶不起来吗😵,0
因为我不会结婚😊,0
哈哈哈，去看看数据，被车撞死的男人可比女人多😁，你死的概率都比我大😁，哈哈哈～诅咒是不能让一个人真的死亡的🤔,1
背后身中加特林一个弹链，系自杀！😏😏,0
把男厕变成女厕不叫好了吗😒那么简单,0
最权威的人说话了😔7月4日,0
可能就是存了自己支付宝一天😓,0
这已经和“素质”没关系了😠,0
这种人他出来后肯定会报复吧🤔️,1
反正又不是犯罪，自罚三杯得了😢,1
笑死，这哈坐个飞机不仅要坐地铁还要坐高铁😛😛,0
回复，毕竟这群现实中的失败者只会等着天上掉馅饼了，十分符合我对女拳的印象🍉,1
也得让他夺冠😂,0
希望吧😢,1
不然给你们好看😊,1
此时此刻的我😛,0
到时候漂亮国公布财产又被吓来缩回去😌,0
指鼠为鸭😏,1
估计是骂他😏车开太快差点撞到她了，问候了别人,0
肯德基疯狂星期四,0
让成都变得更加国际化了呢🤗,0
发声明就发声明吧，搞这么有点做作😊,0
关系网黑得很😊即使调查又如何呢,0
在我看见我妈倒立着炒菜😺我就知道完犊子了,0
没关系，韩女还有美国大兵呢😄,1
8/256表示毫无压力😏,0
总结:人我睡了，孕也怀了，胎也堕了，可我想继续挣钱！😏😏😏,0
管好你们自己吧😏,0
丢人😂,0
没拍就不能维权了吗🍉,0
多少钱啊这么卖命😓,0
不怕危险观望啥😉,0
如果有投保，保险公司给赔付吗🐱,1
来不来就是几个亿啊🙀不上个亿，都对不起“贪官”这个名头了是吧,1
加油加油,0
这人太好了❤,0
回锅肉,0
吃螺蛳粉吧😛,0
就这么狂，你能咋滴，不服忍着🐱🐱,1
没有公摊，楼道、电梯、小区道路、小区绿地的所有权就是开发商的🤭,0
一瓶罚款500🍉,0
没啥用，这只是你看到的一面，等回家了拿着刀干了什么你根本没主意😌😌,0
衷心希望有一天能取消所有非救助保育目的动物园🤗,0
猛一看以为写的是“美队性侵上百人🥰”,0
怎么没摔死这货，🤮,1
是我才不会管她呢！该走就走！🤭,1
这家长怕不是要被判拘留三天了😏,0
就是失业率高呗😌,0
过两天天又会见到它😖,0
只有一个字:赞！赞！赞！😍🤤🤩❤💪,1
早上好🫣,0
又是赢嘛的数据😂,0
确定不是”电诈”吗？😏,1
接下来你是不是该说自卫反击战也是侵略了🤔️,1
是因为没人要吗😍,1
回复，人家好像确实是常德人，进她微博搜常德两个字😂,0
唉🤔,0
从福建登陆关东莞什么事，最多受点外围影响😂,0
别背叛祖宗啊🤔,0
双一流转双非🤗不是挂个北京的名就是好学校,0
作孽啊，齐市本来就没有多少年轻人了😠😠😠,1
路径确实往那边去了😌,0
继续优化营商环境”😋,1
我也想开打印店😢,0
没有公摊最合理130平得房子刨去公摊和墙体占得我的实际使用面积连一百都到不了😊,0
缺钱，二次销售，这早都不是奇闻了🤗,0
这闹的出人命了😓,0
奶茶饮料这种东西本来就是全靠糖堆出来的好喝，不然怎么能叫快乐水，你看东方树叶能叫快乐水吗😏,0
任凭黄牛涨破天际也跟我没关系🤔,0
你阴阳怪气什么🫢🫢🫢深井冰,0
不能急于求成，有战果就行👍,1
为什么要写包丽案不写牟林翰，微信都写的牟啊😠😠😠,1
一房两卖的现在还不是很多，开发商太难了😏不行陪她几栋烂尾楼吧，这几年烂尾楼倒是有很多！,0
欧盟不适合与中美做比较吧😆,1
太可恶了🤗,0
看评论区笑死了😂😂😂群众越来越不好糊弄了,0
那其他阳了的人是怎么回事？你投毒的？😏,1
想想现实中怎么可能会发生小孩子和家长在一起做过节的行为，女拳真是高潮，不是巨婴是什么，还上岗上线😊,1
中国女排🦁🦁,0
江苏地区，专转本，学士学位，有编教师，很香啊😎,0
把你老板和我科长都冲走😂😂😂,1
也有不辣的可以吃🐰,0
新闻已死🍉,1
天呐🕯🕯🕯,0
难道不是以危险方法危害公共安全罪？如果是酒驾撞了人第一时间停车，才是交通肇事罪！这样的话，以后那些用车危害公共安全的或者用车故意撞人、杀人的只要喝点酒，就变成了交通肇事罪了？😏,1
还真像😏,0
愿国泰民安，愿国富民强❤,0
谁信谁就是脑子不好😓,1
再次劝退土木😌,0
看到多起被骗缅甸的，唉...希望他们平安回家🙏,0
你死不死😒你就是男孩他妈吧，看都不看明白就在这里乱叫，长个手会打字显摆你了😒shab,0
你啊，活该被当畜生养😌,0
我支持打死偷拍的呢🤭,1
本葛朗台才不会要🐶,0
人会越来越少😂,1
摊主：欧～下班喽😏😛,1
中介又要炒房了😏,1
青岛，没有雨😢,0
总结一下：我是不良艺人，还要靠艺人方式赚钱🤔,0
健美本来就有很大的主观性，这是健身爱好者都知道的常识，有人不服很正常，毕竟谁都觉得自己是最好的😓,0
好牛逼丫👍👍👍👍👍,0
很可惜，我也是个女的😢,0
不，我只是单纯厌蠢😏,0
相信单位不敢造次😏,1
喜迎涨价😉,1
出门不拴狗自己就是狗，🤮🤮🤮,1
准确的说是科学奇迹😏,1
雨，你要下平均一点啊🐱🐱🐱🐱,0
结果别人都被劈了😂,0
谣言也都不是重罪～😄请加大力度,1
真巧，我刚学的时候也分不清楚这两个词，她该不会是国内派出去的吧😏,0
在微博这个平台，很正常😏,1
这还是在加油站😵,0
你们随意😛,1
连睡觉都不让😂,1
希望毒性越来越弱吧，不然不知道自己能扛过几波😵,0
都是自愿的😏,1
难道讨厌上班是人和动物唯一的共同语言？😁,0
一直以为南方最热，结果反超人家😌😌,0
来自资深喷射战士的警告😁,1
给你附上后续😊“,0
哈哈哈还拿了个吉利数字😌,0
白睡了😏,1
有他后悔的🤗,0
我空调已经好几天没关了🌧,1
扯吧，硕士在上海都要不了8，k😏现在还在上海找工作呢,0
选择性解约🐶,0
这算是谋杀吧😢😢😢😢,0
还上岗上线😊,1
寻衅滋事😠,0
来这么晚啊😂😂😂炒作业都赶不上热乎的,0
典😓,1
赵露思太棒了偷偷好牛😋,0
戏友可，勿戏本心也，友信无碍，一笑便过，盼君语毕拭涕，勿落泪于屏，君之语，如信可慰之，信则无不可，君之言，勿自以为真，友便信君，纵欺无碍，一笑过矣，非友使君伤，拭泪且问心，非汝之友，何人信汝此言?😄,0
不是，怎么离谱了，😔,0
是最近又三阳了吗？怎么突然开始调查了，怪吓人的😵,0
我记得最开始好像澄清过😌,1
不充会员就有2.79mb算是很良心了好吗，要知道某度那可直接是按kb算的，而且还几十kb／s😂,1
666，当代活佛👍,1
你是有“能力”的🤨,0
被关押很正常，谁让你乱跑，难道想学小日本儿？🤔,1
这特么拍的什么玩意？？？？😱,1
所以不予立案👋,0
继续加油😄,0
很厉害👍🏻👍🏻👍🏻,0
一方面孩子家长垃圾，另一方面，列车管理员在干嘛？😱🍉,1
以人为本知道吗，为动物惩罚去人类，不合适😊,0
汪苏泷😍,0
两个人穿着工地装扛着一把长梯光明正大的进去没人拦的😏,0
这个“又”字感觉是被竞争对手锁定了😊,1
你怎么知道二三线没有呢😂我知道的就有很多很牛的医学院毕业生,0
活该🤗🤗🤗,1
还是在这么炎热的夏天🤗如果因为不让喝水引起身体不适需要送医地铁方面能负责吗,0
统统沉入水底中～😉,0
最离谱的是这学校是政工类的，出来都是😛,0
失眠？不可能失眠的，只能是不够睡😏,0
男宝妈先被开除女籍😁,0
太蠢以至于我相信他是真的😏,0
话说，拍摄病人道德吗？😏,0
炮约了，堕胎了，其他的给钱买了，妥善，解决了，央视都出手了，反正品牌会规避风险，以后不敢用他了😂,0
或许没有直接关系吧，但问题在于很多地方山挖秃了，在不合适地方搞梯田种水稻，甚至更搞笑的篮球场铺一层泥种作物，欺下瞒上😏,0
花样年华的孩子就这样不在了，父母亲的余生该怎样度过😢😢😢,0
希望报警是真的😆,1
毕竟自己人😏,1
洞头没事吧😢😢😢,1
你去替他坐牢🙋,0
是的，整个社会对儿童包容度无限刷新下限😞,0
故意杀人判3年🤗🤗🤗,1
古相思曲！！,0
等着考完试去青岛看小刚🥰,0
不算吗😢😢😢,1
聪明可爱的小熊猫😏,0
反正我没钱消费🍉,1
孩子是充话费送的😛😁,0
下次还敢🤗🤗🤗🤗,1
旁边摊主：我怀疑你买不起卤菜😏,1
老东西😊,0
额，你们还是点外卖吧，😂😂😂😂,1
这都死了，😓,0
自己拍的视频？🤔️,0
没有灾难😞,0
大佬就是大佬😏,0
都要平平安安,0
自己打孩子，自己拍的视频？🤔️,1
MD，要死了么这个人😠😠😠，把他从15楼扔下来吧😊😊😊,1
之前我姐阻止我妈买东西，被我妈骂走了，然后我妈兴冲冲花两千块买了个“玉枕”，回到家就后悔了😌,0
这都快赶上去医院化验了😌，南京，最扶你👍,1
请的教练再牛逼，自己吸收不了等于0🤔,0
期待😋❤,1
我不沾男😁,0
都是消费的措施，赚钱的没有😛,0
但是基本上姑爷在老丈人附近买房子😌甚至上下楼或者邻居,0
再使点劲儿，马上就成哈士奇了😛,0
大家都要注意安全啊😢😢😢,0
唉，大家都知道，狗只能生出狗，生不出猫的😏,1
不然毛孩子怎么办呀😢😢😢,0
芋泥香酥鸭😞,0
两个人的伞，再也挤不进第三个人（bushi）😌,0
就跟平时汽车轮胎扎钉子一样😌,0
出了问题当地主管本来就该辞职啊😓,1
买菜软件上不到四块钱一斤的荔枝，都不知道啥品种，皮薄肉厚汁水多，清甜带点微酸😛产地广西,0
这简直就是尚方宝剑啊😒,0
视频里是河道🤗,0
不能带开水，起码可以带温水吧，主办方10块钱一杯水，这吃相着实太难看，还不如直接明抢好了，一杯一万块！🍉,1
请问杀人有罪吗😛,1
魔鬼老师😢😢😢,0
沈阳哪个区的😱😱😱,0
早安🌹🌹,0
都不知道有没命活回来😂,0
只敢管比自己弱的😂敢霸气制止大人吵闹吗,1
瓜😏,0
仅仅只是因为这些国际组织都在美国，要不然，呵呵😊😊😊,0
郑州一号线从头坐到尾，一个多小时🍉🍉大学坐过一次后再也不想坐了,1
百万也不多啊😓,0
这到底有啥关系...改一下不就好了么非得上个新闻...🐶,0
不然体现不了你们的高尚😏😏,1
外国有种族我们有户籍，反正人出生都要被分成三六九等😏,1
搞不懂他😵格斗冠军不一定适合当教练，他们也是各自教练训练出来的嘛，另外，三个人各有各的风格，有分歧时该听谁的呢？,0
还有大妈热心呼叫她到后面避寒，🍉,0
到底是什么情况呢🤔️🤔️🤔️,0
再也不买了宝宝🤓,0
一切责任都在美国😁,1
原来牠们还有父母啊，🍉🍉,1
大家都过上好日子🙏,0
确实，踩死就容易翻车了，自己搞不好都被压着了😵,0
要我降薪去落后的非洲😱😱😱,0
又穷又有新冠，叠加伤害🍉,0
小区绿地的所有权就是开发商的🤭,0
有塑料袋捡起来就完了有啥投诉的，保护环境人人有责，环卫工人也不可能一直盯着一块地方，穷人被罚五块钱确实心疼的，可能大热天不舍得吃根冰棍呢，这闹的出人命了😓,0
不然不知道自己能扛过几波😵,0
一群键盘侠在这里吐槽户外工作者夏天穿长袖，你们躲在空调房里当然没这个常识，夏天短袖长时间户外劳动当天就脱皮，材质轻薄不耐磨马上就破，颜色不鲜艳会被撞，你们赶紧发明一个合适的衣服，别在这什么解决办法没有只会叫唤😌,0
要配合好列车员～都是为了大家安全🙏,0
检验一下故宫的排水能力撒😌,0
要钱不要命吗😂,1
好可爱😊,0
观音菩萨来一掌，转方向去日本吧，😌,1
歧视已经形成风气了😓,1
你的责任不小啊~工作还得加劲啊！😏,1
我就只希望确保我的双休😖😖😖,1
那为什么女司机每次都被写在标题上？为什么司机是女性的时候不写标题为轿车撞人😁，说啊，你能说出什么理由吗？😁,0
看到这件事心里真的难受😣,0
也可能是我的😏（我编的）,0
知道抓到打得更惨😂,0
在昆明😳不开空调,1
其实都进不去，就在门口拍照，拐个弯到科技园开个讲座去了😌,1
坐标吉林市～按时上班～😄😄,1
最后到了个零头😌,0
请认识的人过来白吃😏,1
要什么道歉啊🤔️，死刑立即执行啊,0
经典和解😏,1
网传😌？你是搞笑派？,0
一看就是颜色革命😛😛😛😛,0
心疼起棒子来了😌无语,0
当初的大奔进故宫咋说😏,1
端着碗在医院急诊门口吃并且要让护士看到你在😂,0
哇，吃火锅😋,0
都照他这么干，130万都项目13万就干掉了，以后的市政工程还如何做😂,1
照你这意思下多大雨都不能发水了是吧🐰,1
他们根本不停😊,1
全死了，中国队就能冲出亚洲了😌😌😌😌😌,0
典😊,1
拿下！💪💪🙏🙏,0
真的有听到大家的诉求，😄,0
梦中情机😄,0
男女都不安全哈🍉,0
开始不是嘴硬吗😌,1
每次这种热条都压😄你cn官本位什么意思,1
病毒是它们家的？🤬🤔,0
你承受不住，😊,0
把农民交的公粮按月归还给老人就行了😢不敢奢望什么养老金,0
那肯定报警啊，把头打流血了，这妈高低得进去几天😓,0
我旁边的女生也是😂，她吓到了让我有了准备才没吓到,0
只是发错地方了😏,0
太正常了😌,0
不用买票，拿药上车🫢,0
闲置的疫情防控设备物资价值4亿元🤗,0
当父母谁又能想到上个学却再也见不到自己的孩子😢😢😢泡沫工程,0
这是新闻😌😌😌多少年前早就那么干了,0
我们会想你的，不止365天🌹🌹,0
这个tag就正常多了，刚才看到一个“美男子家藏头骨”的，还在想什么美男子🤦,1
我滴天，不会吧😂,1
然后喝多了，广州人的声音更大了😏,1
我觉得问题不大，以后哥哥也可能变成妹妹，一家人还是团团圆圆😏,1
中国政法工商管理专业、厦门大学马来西亚分校、上海交通大学护理学院，唐尚珺就是为了面子冲名校录取分数线最低的那些专业来填报，填了也不去读🤮,0
笑死了😁,0
我的7还能扛三年😊,0
拿药上车🫢,0
心痛🕯,1
早安🙋,0
girl😄,1
没有用的可以捐掉🥰,1
太可怜了😢,0
必须让她付出代价😠😠😠😠,0
别就处理牵手门🤨,0
那还有点希望🍉🍉,0
吃火锅😋,0
复旦大学附属中学🤨下一代上学问题,0
大医院，预约个检查可以要等一个礼拜😌,0
支持👍👍,0
投诚了😏😏😏,1
恶性循环😞全球变暖引来山火，山火烧毁树木加速全球变暖😣,0
早上还在得意，南京没下雨，小杜就没了🤗现在雨哗哗哗滴，😂😂😂,0
下了一天一夜😌,0
笑死😌张薇能给他们说一辈子，实际上被偷拍的女性多到数不清是一个也不知道👍,0
就怕搞呀搞呀，搞到最后发觉是外派到了缅北😵,1
欢迎小王子回家😍😍,0
黄牛和网站就是勾结的🍉,1
以前上班坐滴滴，现在上班开滴滴👍,1
不就是爬了自家学校的API数据😱😱外行说得这么吓人,0
不认识🍉🍉🍉,0
第一眼看到《，韩国，死亡，》，不管内容是啥先点赞🐱,0
你比他们懂😓,1
挺好的🐶,1
美元还是英镑？，不然为什么我放着国内50万不拿我去非洲？😏,1
清华，这两个字不能深刻理解😖,0
你急了🤔️,1
吃了三明治🤓,0
我以前就碰到过这类事情😛,1
多喝点，😂😂😂,1
大好的云南呀，被弄成这样，好可惜呀，话说，这个绿色t-shirt记者，长得好英武呀😻,0
轻伤这两个字媒体是自动忽略对吧，就靠着割喉吸引流量吧,1
无照片无视频无证据，女诬又来了😏😏😏,1
中俄的海外航空展，😁,1
吸烟有雾（误）😌,0
电什么时候能修好啊我都急死了，停了快两天了😖,0
现在游客已经不能在车上打个盹休息一下了？🤔️,1
这个原博主就是又蠢又坏那种🧎,0
中午吃扬州炒饭✌,0
小仙男们这个时候怎么都全部消失了呢，😊,1
竟然没一个人去阻止护工打人🤗🤗🤗🤗,1
违者必究👨👨👨,0
确实不要命😏,0
出来维护下秩序了🍉,0
祸害，赶出人间😛😛😛,0
日本也是走失的士兵😏,1
什么毛毯，不调查怎么知道严重不严重，全凭你一张嘴，全凭你身边统计学是吧，像个🤡蹦蹦跳的😄,1
中国特色社会主义，估计以后中国人放屁都要以污染环境罪论处，😌,1
不合适😊,0
它否认的是“被逼退学”而不是“退学”，这是有区别的😏,0
马克龙可以提名中国人来执掌该反垄断职务啊！😠,1
二十几万彩礼钱说多不多说少不少，但这点钱都出不起以后怎么养娃🤔️,0
打工这辈子都不可能打工😏,0
不知道当然要从轻😊,0
昨天新华社发新闻，今天就能分析这么多🐱里面水份有多少😏🐱,1
高价出售😂,0
果然用活了不能违背妇女意志😌😌😂,0
居然还有3070元😱,0
这对中国足球来说是小场面😏,1
中国梦想秀😏,1
派出所：经主持双方到所，双方和解，散了散了，不要给领导舔麻烦🤔🤔,0
免四年物业费吧😂,0
你仔细品😊,1
电脑版是可以自动登录的啊🍉只要你设置了就行,0
别又是用乌龙来博眼球消遣观众😏,0
三十八个红线😏,0
太拿自己当回事了😏,1
坐高铁去没毛病😏,0
发现失明后哭的声更大了😏,1
拍路线图可太正常了😂,0
中国男足还有羞可蒙吗？😌,1
15个，11个，😢😢,0
画风其实还好，但是故事看预告片估计是那种美式的政治正确，就是借个西游记皮而已，美国拍不好东方故事已经是经过无数次证明了的真理，🍉,0
2.5个小时没停过这种鬼话骗骗傻子就够了🤔🤔,1
为什么我的人生不能缓缓😄,0
墨西哥的毒贩收拾了吗？😏,1
他可能没上过大学，理解一下🙇🙇,0
啊对对对😊,1
或者是点自己经常去的店家😍有一次我闲着没事出去遛弯想起来之前吃的一家披萨很好吃想点一个到店拿,0
可怕😖,0
其他观众是来看电影的不是来你这个看这一家子发疯的😊,1
静观其变吧😊,1
出生率这不挺高的嘛😏,1
企业很好🫂🫂,0
干得漂亮👍👍👍,0
裤衩不是更难😏,0
青岛市水务管理局回应称，经检测未发现水质异常😂😂😂,0
这是要干什么啊😵,1
自己坐下趟车刚到取🤨,0
这两人就不合适😌,0
迟了🤭,0
烦人😂,0
是这样的😏,0
所以我猜是许巍的演唱会🤭,0
那里都是大妈的主场，必须听大妈的，😁,1
那种没有门面没客人的作坊真的别点！！！😫😫,0
撇清关系😏,0
一个名叫“头条”的学子终于上了头条💩😈😂,1
哦豁，打到家门口了，俄熊还能不能行😌,1
真烦这些人😠😠😠,0
畜生都喜欢在公共场合露蹄爪😂,0
说出来避雷一下🤮,0
我先尝了🍉,0
用耳朵在观察吗😌😂,1
看吧，说来说去都是既想结婚又想别人给钱，最好还得照顾你全家，啥好处都要，非要结婚不可吗？😏,1
卷子都让她看，还怀疑，都同意司法鉴定了，就没声音了😁,1
待遇低，肯定心里不舒服😂关键解决报酬问题，质量自然好,0
下次戴口罩😏,0
男、女”这两个字有这么不堪吗，不配出现在厕所门上🤔️,1
飞虎队：去可以去，得加钱😏,1
这个地方不会来第二次的😌,1
换个字多好啊，换成女子，男女组合都是好，多好啊😌,0
心疼😢😢😢,0
这妈高低得进去几天😓,0
那清华园😏😏😏,0
高贵的媒体们🐰,1
以前毕业旅行的时候还去过，这就无了？😛,0
这种老人亲属家里有小孩的真挺危险，建议有认识的转发到老人亲属朋友圈提醒一下😓,0
赶出人间😛😛😛,0
这个女人的儿子以后讨不到老婆了，当妈的这么变态，谁敢要她那儿子🍉,0
健美协会副主任石洪当年就是这样被赵路佳拿高跟鞋砸的，健美协会裁判睡运动员常规操作😂,0
搞这么有点做作😊,0
祖母发声？刚刷到母亲坐车游行被前呼后拥的视频😌,0
你靠那突击的几个月頂屁用🤔,0
只能说是抑郁症吧🤓🤓是一位伟大的干部🫡,0
你要是在那不得急死😁,1
都要守道德底线😓,0
男宝美美隐身😏,1
故意撞人？看评论说是吸了电子烟😠😠,0
万幸，拍照的和孩子父亲没事👀,0
200罚款就是对法律的亵渎🤗，一次罚5000你看他还敢不敢,1
随便吧，反正男生现在也没人玩国服了，你们女宝自己安好😛,1
继续蹲后续😏,0
回复，人家是有品德之人，君子不立危墙之下，懂不懂？🍉,0
三体诚不欺我🤨,0
你们没有感觉他有点像打工的那个叔叔，打工这辈子都不可能打工😏,0
我们这儿没有台风，万般不好也还是有小小幸运一面的😌,0
说不定又是一个（泰坦尼克）😏,1
马克龙还是挺有想法的👍,1
还记得被弹弓打瞎眼睛的那个女孩吗？😢还记得被奸杀的女孩吗？,1
不至于😂😂😂,1
自己做饭的表示，这都是我三天的伙食费了😏,0
主要还是工业用电，居民用电才几个电😌今年需求相对疲软，理论上不会出现缺电太严重的情况,1
熊猫神保佑我大四川👏👏👏,0
我自己会去坐牢✊,0
为什么二批分数线比一批还高😱高中毕业多年，看不懂现在的高考了,1
这么恐怖的行为，孩子得有多害怕😖,0
加油，争取早日破百👍,0
拍照的和孩子父亲没事👀,0
裁判拳击主教练算不算给中国足球蒙羞🤔,1
我就知道这个事情绝对不会发生在我身上😂,0
中国女排加油❤❤❤,0
警察被舆论裹挟，反倒成弱势群体了，唉🤔,0
小新，你可以问😏😏😏，我可以不告诉你😏😏😏,0
以凡人之驱比肩神明🥺,0
肇事者倒是一点皮都没擦伤😠😠😠,0
这种建筑大部分都用网架结构啊😂😂😂，这种结构没问题的,0
还有巧克力哦😏,0
这玩意儿能干净卫生才见了鬼🍉,1
觉得是套套的，可能他们用过的套套就这么大、这么短的，😛,1
自己吸收不了等于0🤔,0
而没有制约的权利确实可以肆无忌惮的滥用🍉,1
驱逐白人把清真寺遍布全世界每个角落😉,1
大妈作为一个几十岁的人了应该不会平白无故诬人清白呢😏,0
差不多吧，这个产业本身就是畸形的，所以就有这种畸形的要求😏,0
笑死😌张薇能给他们说一辈子,0
呵呵😏,1
这种程度的伤，顶多行政拘留，👋,0
中国足球也不差你这一出了😏😏😏😏,1
看评论区笑死了😂😂😂群众越来越不好糊弄了！,0
熟悉的味道😂,1
开365天咋样？😏,0
无语，看不得阴阳怪气的人，就事论事不行吗，完全看不出来你哪句话有问题🙄,0
坚强的意志👍,0
怕你偷偷跑了😂,1
这是2023年吗😳,1
非常时期，互相体谅🫂,0
命就值20个W😏,1
一个月前泼开水说是未成年人，这个成年了，说辞又变成不方便透露了，😉,1
但是可以罚钱啊😂,0
有可能是参加某些投标偷偷用来做资料的，这样就不用付她某些费用了🐱,0
看来福建还是扛住了🤨,0
女的进来直接打😠,0
等于玩命啊😢,0
优秀的女孩👍加油！,0
为何不告官呢😊,1
道歉就没事了😛,0
生人宰一半，熟人大满贯😛,1
赚钱嘛，不寒碜😏,1
我把所有伤心事都回忆一遍也哭不了这么久😛,1
以上功能得全选🍉,0
网传😌,0
有些又都被专业卡死😓,0
这种事情发出来，就是让我们骂的😏,0
是培训家长以后怎么做家庭作业吗？😌,0
他们的养老金是不是比年轻人工资高😏,1
然后定睛一看店里全是吃早餐的警察，😆,0
好棒好棒😋,1
等着吧😏😏😏,1
谁去谁就是脑子不好😓,1
欺下瞒上😏,0
偷偷太牛了😋,0
你把俺问倒了，确实是个问题🫢,0
实事求是就是有些人喜欢上纲上线啊🤔🤔🤔🤔有什么不对嘛还是你就是那喜欢上纲上线的我搓到你肺管子了🤔,1
可惜打工人好多年了🙇,0
我们也买一辆过来收参观门票钱😏,0
本来就是资阳机场，坐高铁去没毛病😏,0
夸张，不知道粒粒皆辛苦吗😛,1
家长会怎么想呢😓,1
江西人最多😆😆,1
路边一排排都被领导看到了😌,0
学学地铁大叔，被张v怀疑直接给他看相册不就行了，又不是没有过先例，😏,0
余生就要反反复复的受尽折磨才对🙏,0
如果有别人向视频里面这个女主泼开水，我相信她绝对不会接受和解的，谁来做工作都没用😏,1
民办，😌,0
回复，凉凉咯🤙🤙🤙🤙,0
何必去打赏😂😂,0
生日快乐🎂期待你们的好消息🐼❤🐼龙凤胎真的可以有😂😂😂,0
任何一个无谓的行为都很可能引发一起灾祸🍉,0
印尼😌,0
有作为👍,0
这样的工程一定要追责，孩子们好无辜呀！花一样的年龄😢😢😢,0
老爷永远都是老爷😏,1
食堂天天都是鸡，要吐了😌,1
麻烦你睡阳台，谢谢😂,1
居民用电涨幅最少，别拿居民用电来说事😏，上半年，全国全社会用电量同比增长5.0%，其中，一产、二产、三产和居民生活用电量分别增长12.1%、4.4%、9.9%和1.3%,1
给这位尽职尽责的乘务员点赞👍,0
这段时间没了你又开始了😄,0
这下遭了吧🍉🍉🍉,0
我们村有个人被撞死了，司机只需赔钱就行，不用坐牢🤨,0
恋爱脑才是需要电击治疗的精神疾病吧😂,0
建议每天一个菜系🤔,0
为什么现在才报警😓,1
是不是以前打车的人现在在开滴滴？😛,1
我要我觉得🍉,0
原来你也知道自己花钱自己快乐🤔,0
呵呵😒,1
番茄鸡蛋汤✌,0
应该先抢女的手机强行检查，然后报警警察说没有偷拍，再回去发视频，不打码给她放一个猥琐女的标签，随后等着女的报警再去欺诈这女的说自己要被单位开除，要被家族除名让这女的原谅她，最后经过半个月研究单位决定留下上班，家族决定留下生活，简称双一留😆,0
你就不能不犯人生的错误么？😛提前看透未来不行么？🤗,0
被打的无权无势😌,1
早该如此👍,0
咱中国的排水系统，全靠耗子洞😂,1
这玩意不能生吃，还在锅里偷吃，哈哈哈哈😌,0
小三儿通？？😌,1
为了晚交契税，不办房产证？😏😏😏，这下遭了吧🍉🍉🍉,0
然而很多地方，指标，补贴搞到手，田地全是草！😏,1
逃跑路线支援😛,0
开着这船清理水草？😌😏😌😏😌😏,1
可怕的网暴，😢,0
照例还是老板画的饼，当然还有群友发的V50疯狂星期四，😏,0
有拳王的话就内定一个冠军了😏,0
有的人会对不同姓的孩子做不到平等对待，为什么啊，明明都是亲生的啊😒都是你的崽啊,0
让带还不让喝🤗,0
应该是小仙女老了都这样，拿起键盘比谁都牛逼😏,0
司机真是自找的🤗,1
皆大欢喜😄,1
不知道你这结论怎么来的🤗,1
平常考试作弊了吧😏,1
拍路线图可太正常了😂，被打的女孩就拍到那男的一只手，真倒大霉,0
还食品安全那套话术😁,0
回头一样说偷拍了😛,0
随个礼，挂七仔账上哈😂,0
未成年人保护法😊😏,1
都在电商买就好了😂大数据也杀熟，逃不掉了，😂😂,0
还没结婚😛,0
愿平安🙏🙏,0
美国咋就没这些人，😓,0
虽然不看好马斯克，但是这份心劲还是值得👍❤,0
还有这事🤔️🤔️🤔️,1
这么多烂尾房，刷点白漆就能改成白房子，发现一个送进去一个，管住管饭管送终😁🤓,1
发明创造😂,1
有个中考的孩子，英语写作成语直接0分，没计入总成绩，导致没进到自己理想的学校，自己试卷还看不了，也没法复核，也没管的🤨,0
这是什么智商😓😓,1
大家都注意安全🌧,0
主动送上门绝非好事🤨🐼,1
活腻歪了😏,1
哈哈哈，不留了，把客送走🤓,1
幸好不是35岁😏,1
每次看到特意去这种人来人往的地方跳楼的只担心砸到无辜的人😓,1
早该封了🤮🤮,1
心好痛😢,0
原来是真的会哭瞎了眼啊🙀🙀🙀,1
家的味道🐶,0
大毛也可以吧😒,0
都是中国😌别没事挑地域矛盾,1
必须用栏杆拦上~😁😂😂,0
给心动的小朋友浇盆冷水，10年前也是这个价，你觉得还想去吗？😏,1
不知道现在黄山上的那个宾馆跟小卖部卖不卖方便面😌,1
那个非洲抬棺是不是缺这位哭神，去半个入职手续吧😏,1
我选两个，删好友提醒和带图评论🌹,0
nb🙀等着吧你阿公马上就上来找你聊天,1
读这种学校真不如早点去打工😏,0
但是这一句就很让人感动了😢，世上只有妈妈好，永远都不会变,0
你说的是工程师，百万也不多啊😓,1
台风从福建登陆，我东莞一点事都没有，居然北京要做应急响应，😵,0
儿子表现得不错😂,1
我是要你举例子😓,0
泽圣怎么可能是耗材呢，只有乌克兰群众才是耗材😏,1
但你比我还真差远了🤗,1
罚款属于行政处罚，可以罚款一定数额警告和通报批评，公安是可以罚款的，（行政处罚设定是法律法规，部门规章地方规章）😏,0
很正常😏,1
卡努：我只想去看看故乡的樱花是否盛开😏,0
精神男人罢了🤩,0
南方台风北京受灾这么严重😡,0
听这个名字，大概率就是微商😏,0
就像亲子鉴定哈99.9999%😏😏,1
大家说说会是谁😏,0
这脑子还生什么孩子🤔🤔,1
9.9一桶1000克，喝到吐😏,0
好可爱❤,0
希望一切平安❤,0
自己有工作，工资够花，有自己的车，为啥要结婚🙋攒几年钱自己给自己买个房也行，想要孩子可以精库买 不快乐吗,0
在此便体现出来了🐼,0
建筑工还是需要点技术在的😂,0
就是啊，钱花完就回来了😂😂😂,1
决策者们什么时候能食一下人间烟火😏,1
下一个四德就是你😄😄😄,0
温暖，好人，👍👍👍👍👍,0
报道进展的时候你不叫，这段时间没了你又开始了😄,0
挑事儿？😱,0
我也😂,0
iqoo，z1正拿在手里，想换手机，找不到理由换，😢😢😢😢😢😢现在任然流畅无比,0
人家照顾这家店也不行？😢,0
愿大家都平安🙏,0
真是奇怪😓,1
要500穷疯了🤔食品法规定所付款三倍到十倍赔偿,0
哭四惹😡,0
没钱花什么呢🙀令人发笑,0
比我吃的好😋,0
是不会说话吗😉,1
小场面😏,1
够能糊弄事的🐶,1
投资百亿😏,0
感觉生活在另一个北京😏,0
你是不是觉得你比他们还聪明🤔️,1
原来还有下班那么早的公司啊😄😄😄我以为都是996呢😄😄😄😄😄,1
实际上被偷拍的女性多到数不清是一个也不知道👍,0
员工或其他顾客的报复性行为，不好认定，就跟平时汽车轮胎扎钉子一样😌,0
50%公摊，不要买房，谨防诈骗！😏,0
不把柜台里的金银珠宝收起来的😏,0
想想鸭脖的例子😉不和解是不是要开除？,1
上一个这么做的正在踩缝纫机😌,1
吃瓜🍉,0
没有这些红军，你还能有祖宗😠😠，数典忘祖的答辩😠😠,1
就是考验人性的时候😏😏,0
等你们开完会，我们已经在发身份证了😂,0
扶贫扶的是抢劫犯😁,1
太可怕了，😓,0
连个灯都搞不好😓,1
感恩有你们❤,0
所以催生就是为了收更多人头的午休费是吧😱,1
景区围挡都快成为云南特色了😛,1
反向公关玩的挺溜🍉,1
下次注意😏,0
加油少年👍,0
就是那个头天晚上把人家小姐姐S了，答应人家给冠军，结果到了比赛好像弄了个倒数还是咋滴，然后人家小姐姐气的当场脱掉鞋子，往评委台上扔😌扔完以后骂了一通😌😌,0
当时他妈妈只给了25w😛,0
她打人就已经输了🤗,0
我寻思着我也没起猛啊😂,1
是的，非洲20万元一年可真不多🤔,1
希望逝者能得到公平的对待🙇,0
臭鸟😏,1
战术性腹泻？😏,0
看看人家的车，可以进故宫，可以进高铁🤭,1
虽然我开的30，但是室内温度可以达到26，为啥😂,0
我法定年龄退休，为什么干到死啊😂你在说什么啊,0
咱们普通老百姓哪有资格让他们开那个门🤔,0
罗非鱼果然可以杀人，三体诚不欺我🤨,0
乌克兰真是西方的好狗腿子👍,0
靓丽呀😛😛,1
张继科拒绝日本千万美元的邀请好样的💪支持热血爱国的傲骨英雄张继科的选择💪拒绝造谣,0
天气预报为啥说一直下到八月六号😖😖,0
如果美国有灭霸的那个手套，我估计他们第一时间想要灭掉的就是我们和俄罗斯，😌,0
不知道费用多少😌😌😌,0
小时候就这么被妈妈骗的😏,0
新上坟烧报纸，都是糊弄鬼呢😏,0
吐槽一下🍉,0
加大力度😏,0
为你的精神状态堪忧🤭,1
他们可能现实中都没有人理🍉,1
三姐是俺滴最强嘴替,1
什么措施都采取了，就是不舍得降价🙇🙇,0
成都人民是不是在火焰山也抵挡不了吃火锅的心😏,0
男性他力量！【网约车男司机路过为电瓶车侧翻母女撑雨伞！❤❤】感谢仗义出手的男侠精神！👍👍为男司机点赞！👍👍希望男司机可以获得见义勇为奖！👍👍为浙江男孩点赞！男孩子真的很善良！👍👍👍,0
偷去东南亚的好多就是想干这个的😼,1
不应该是盖被吹空调嘛😛,0
我不觉得我优秀，但你比我还真差远了🤗,1
小仙女之间的争执而已，顶多赔个医药费，甚至都够不上行政拘留，😛,1
不喝奶茶😏,0
你就是寻衅滋事了😌,0
躺了不代表就死了，这个道理你不懂吗😓我现在真明白了网民的造谣能力了,0
有熊孩子必有不负责任的爹妈😊,1
企业微信不就是吗😏😏,1
网友不乐意了😂😂😂,1
❤❤❤乘务组辛苦啦,0
张家界跟团导游土家族导游胡伟就是个混蛋🤔,0
赶紧消费，别存钱了😏,0
唉，67岁了啊😢,0
横穿马路，一边散步一边看手机😌确实很气人,0
治好了再发出来啊🤔️,0
每年的山火和洪涝灾害，重庆的夏天太不容易了😢，感恩最可爱的兵哥哥们，辛苦了！，🙏🏻愿家乡平平安安，风调雨顺❤,0
那扛起你的键盘上去阻止日本吧🤓😄,1
我们听着👂🏻👂🏻👂🏻👂🏻👂🏻👂🏻👂🏻👂🏻👂🏻👂🏻😏,0
我爸无条件支持我😁,0
男生犯的错想和解国家都不允许啊😂,0
手臂有点黑，因为晒太阳晒多了吗🤔,1
你喝一口就相信😮,1
飞云宝贝生日快乐🤗🤗🤗,0
估计要被严厉拷打了😏,1
这下简历上可以写上因为做黑客被抓了🤓国际犯罪份子雏形有了😢,0
这不是意外，这算是谋杀吧😢😢😢😢,0
呵呵女网红，大概率是炒作🤗🤗🤗,1
所以手机确实是在拍东西咯?🤔,0
警察作为过？开和,0
为什么带籍贯🤔️,0
先不说动物保护法，就高空抛物这一条也别放过这孙子🍃🍃🍃,0
校友非法兼职，😂,0
我天呢，被家暴这么多次不能离婚吗😖,0
骗的也还是中国人，😊,0
一个种树圣人，一个修桥圣人，都被媒体包装成”好人做好事，却含冤受屈”，两件事情共同处，都是为了抹黑中国，😠,0
这是没脑子吧🤔,0
大家都辛苦了❤,0
明显是剪辑的视频，晕倒的在跑道，站的在走廊，没图可以不配😌,0
复制粘贴的能不能滚😊,1
健美协会裁判睡运动员常规操作😂,0
脑子里装了多少屎才能把这事儿扯到她儿子身上？？？😛😛😛,0
这让人看不懂:，“未达到法定退休年龄，不能办理从业资格”，只有退休了才能开网约车？到底是“55岁以上”还是“55岁以下”？🤔,0
没有公摊的地方把房价和物业费摊进套内不是一样么，什么朝三暮四的问题，拿读者当猴耍😌,0
这是真的有实力，还是拿到密码了了😂,0
没去成，想去见马嘉祺😢,0
这早都不是奇闻了🤗,0
你不会以为你贷的钱是银行的吧？🍉,0
这样就不用付她某些费用了🐱,0
一路走好🕯🕯🕯,0
那国家怎么不去解救呢？已经好多人在哪里了，而且都是被当畜牲对待，甚至杀害，😌,1
如果你月薪过万还会穿几十的衣服吗😱😱😱,0
单日打倒老胡🤓,0
无论什么高温😋没有什么是一顿火锅解决不了的,0
法官支持婚姻无效，😂,0
病毒🦠表示，我不喜欢臭丝袜，也不喜欢臭水沟😌,0
抛开以前，为啥要有男人🐱,0
成都只下了一两个小时😓,0
没什么好说的，在2023的舆论风口下，在各家高校已经有先例的情况下，女泼男开水二级烧伤的程度，下限就是相互和解，上限就是女保研男开除🤓🤓没惊喜没变化，就像女拿刀伤人去派出所领1500一样，现阶段就是这个流程🐶要走武士决斗就不要想太多，对面都要毁你容了，还瞎想什么呢🤩,1
感觉像是在抓小三😏,0
保佑所有相关人员平安🙏,0
哦？果真能在人体植入芯片？那痴呆老人是不是也可以植入芯片呢？😏,0
希望啊😆我要他们明白下我就是不回,0
参加暴乱被杀死不值得同情😏😏😏这么多人，只是趁机作乱的土匪罢了,0
网暴就能把他逼死？这心理承受能力不行啊😏,0
加速，多来点这种事👍,0
我吃药去了😵你那份用不用帮你拿到病床来,0
想多了😓,0
m我也觉得在玩这个套路😠,1
这就好比你让人们不要赌不要毒一样，您能解决好不？多简单啊，教育啊，道理大家都懂，是不是？😏居然还有人觉得全面素质是靠自觉能提升的,1
网站一对一服务，收费28888😠,0
沟水汹涌😏,0
首次听闻这种事😓,0
网络xxn不带脑子🧠发言的呐😋,1
是说哪里😉,0
加大力度惠台😏,0
我都纹了戒酒了你还想让我真戒酒😏,1
罚酒三杯不了了之🫢,0
车内空调，放心好了，没上车时你随意喝😌,1
临期怎么了，又不是过期，这种理由🤮,0
尼玛这鸭子眼球膜嫩大,1
就算拆穿又有什么用？该买还不是买😂,0
法外之地“长沙”表示，：关我鸟事😏,0
你没事吧😱😱😱不指责网暴的人，指责受害者？让你懂完了,0
两个人穿着工地装扛着一把长梯光明正大的进去没人拦的😏，可以说能进出任何地方,0
但最后的结果还是被迫和解😢😢😢,0
前一阵有位妈妈带自己两岁多的儿子去有隔间的女厕所如厕都不行，现在小仙女们怎么自己往男厕跑？而且男厕的小便池是没有隔间的啊😵,1
万幸出事之前发现了😓,0
高级战争😏,0
你好我好大家好🤮,0
你是不是觉得你比他们还专业😓,1
救救我的脸🥺🥺,0
早安🥱,0
掏鸟窝10年，故意杀人判3年🤗🤗🤗,1
你没有想象力，唉，我能理解，毕竟生活磨掉了你的想象力😏,1
不是我冤，是我武举老爷冤😄,1
应该交税，一婚1.5%，二婚2%，😂，未婚先孕免税,0
感觉比普通的985，211吃香，,0
破案了，是鸭肠😏,1
远离群众了，没办法，他们似乎不明白，能严格落实5天八小时双休制，已经够欢呼鼓掌了，尤其是在还不影响现有工资水平的情况下，会有大把人生孩子😏😏,1
非常好的历史古迹👍理应让更多人参观,0
可以进工厂吗？特斯拉，比亚迪之类的😏,0
一看是云南就知道没那么简单🤔,0
拍他干啥😡😡😡😡,0
还是那句话，🤬给我围起来，不能免费看,1
虎子怕挨揍，不敢来😏,0
厉害啊😌😌😌😌,0
这几天大雨下人好无聊😖,0
故事一般😂,0
敢不让进“拆了站台”😌,0
这些大学生再也回不去了了😏,0
对呀，不知道当然要从轻😊,1
快两万了，小县城，还要怎么涨🤓,0
胶原蛋白还有修护皮肤的作用呀👍,0
理解能力真强😏劝说是制止的手段吗？,1
先把自己的饮食，用水管好吧，毕竟平时吃鸭脖要比吃海鲜机会多吧🤗,1
虽败犹荣🥺,0
想死可以直接说😠,1
那是因为有公摊所以民法典这么写啊，没有公摊，楼道、电梯、小区道路、小区绿地你都没摊钱，凭什么是你的啊😂,0
被打纯活该🤭,1
太臃肿了👎,1
知道我对就好😁～说明你还有救😁～,0
不近人情了，这个规定反人类！不能喝饮料可以理解，喝几口水就罚款这不是深井冰吗？还是在这么炎热的夏天🤗如果因为不让喝水引起身体不适需要送医地铁方面能负责吗？,0
以前认识的一家广告公司给城投做，文明城市标语，笔画都是反的，路边一排排都被领导看到了😌,0
把老板冲走就可以不用上班了😌,0
欢迎用这么点大套套的过来对号入座😂,1
加收关税，物价上天😂,0
点名联通，办理一个流量包拆为若干个套餐给你生效，便宜的月底失效贵的次月自动续费😍,1
刚想去南方避避暑😢,0
就这样吧😞,0
